path,label,split
ravdess/AudioWAV/Actor_11/01-01-07-01-01-01-11.wav,disgust,ravdess_train
ravdess/AudioWAV/Actor_11/01-01-04-01-01-02-11.wav,sad,ravdess_train
ravdess/AudioWAV/Actor_11/01-01-04-02-02-02-11.wav,sad,ravdess_train
ravdess/AudioWAV/Actor_11/01-01-07-02-02-01-11.wav,disgust,ravdess_train
ravdess/AudioWAV/Actor_11/01-01-05-01-02-01-11.wav,angry,ravdess_train
ravdess/AudioWAV/Actor_11/01-01-06-01-02-02-11.wav,fearful,ravdess_train
ravdess/AudioWAV/Actor_11/01-01-06-02-01-02-11.wav,fearful,ravdess_train
ravdess/AudioWAV/Actor_11/01-01-05-02-01-01-11.wav,angry,ravdess_train
ravdess/AudioWAV/Actor_11/01-01-02-02-01-01-11.wav,neutral,ravdess_train
ravdess/AudioWAV/Actor_11/01-01-01-01-02-02-11.wav,neutral,ravdess_train
ravdess/AudioWAV/Actor_11/01-01-02-01-02-01-11.wav,neutral,ravdess_train
ravdess/AudioWAV/Actor_11/01-01-03-02-02-02-11.wav,happy,ravdess_train
ravdess/AudioWAV/Actor_11/01-01-03-01-01-02-11.wav,happy,ravdess_train
ravdess/AudioWAV/Actor_11/01-01-02-02-02-02-11.wav,neutral,ravdess_train
ravdess/AudioWAV/Actor_11/01-01-02-01-01-02-11.wav,neutral,ravdess_train
ravdess/AudioWAV/Actor_11/01-01-01-01-01-01-11.wav,neutral,ravdess_train
ravdess/AudioWAV/Actor_11/01-01-03-02-01-01-11.wav,happy,ravdess_train
ravdess/AudioWAV/Actor_11/01-01-03-01-02-01-11.wav,happy,ravdess_train
ravdess/AudioWAV/Actor_11/01-01-04-01-02-01-11.wav,sad,ravdess_train
ravdess/AudioWAV/Actor_11/01-01-07-01-02-02-11.wav,disgust,ravdess_train
ravdess/AudioWAV/Actor_11/01-01-07-02-01-02-11.wav,disgust,ravdess_train
ravdess/AudioWAV/Actor_11/01-01-04-02-01-01-11.wav,sad,ravdess_train
ravdess/AudioWAV/Actor_11/01-01-06-01-01-01-11.wav,fearful,ravdess_train
ravdess/AudioWAV/Actor_11/01-01-05-01-01-02-11.wav,angry,ravdess_train
ravdess/AudioWAV/Actor_11/01-01-05-02-02-02-11.wav,angry,ravdess_train
ravdess/AudioWAV/Actor_11/01-01-06-02-02-01-11.wav,fearful,ravdess_train
ravdess/AudioWAV/Actor_11/01-01-03-01-01-01-11.wav,happy,ravdess_train
ravdess/AudioWAV/Actor_11/01-01-03-02-02-01-11.wav,happy,ravdess_train
ravdess/AudioWAV/Actor_11/01-01-02-01-02-02-11.wav,neutral,ravdess_train
ravdess/AudioWAV/Actor_11/01-01-01-01-02-01-11.wav,neutral,ravdess_train
ravdess/AudioWAV/Actor_11/01-01-02-02-01-02-11.wav,neutral,ravdess_train
ravdess/AudioWAV/Actor_11/01-01-05-02-01-02-11.wav,angry,ravdess_train
ravdess/AudioWAV/Actor_11/01-01-06-02-01-01-11.wav,fearful,ravdess_train
ravdess/AudioWAV/Actor_11/01-01-06-01-02-01-11.wav,fearful,ravdess_train
ravdess/AudioWAV/Actor_11/01-01-05-01-02-02-11.wav,angry,ravdess_train
ravdess/AudioWAV/Actor_11/01-01-07-02-02-02-11.wav,disgust,ravdess_train
ravdess/AudioWAV/Actor_11/01-01-04-02-02-01-11.wav,sad,ravdess_train
ravdess/AudioWAV/Actor_11/01-01-04-01-01-01-11.wav,sad,ravdess_train
ravdess/AudioWAV/Actor_11/01-01-07-01-01-02-11.wav,disgust,ravdess_train
ravdess/AudioWAV/Actor_11/01-01-06-02-02-02-11.wav,fearful,ravdess_train
ravdess/AudioWAV/Actor_11/01-01-05-02-02-01-11.wav,angry,ravdess_train
ravdess/AudioWAV/Actor_11/01-01-05-01-01-01-11.wav,angry,ravdess_train
ravdess/AudioWAV/Actor_11/01-01-06-01-01-02-11.wav,fearful,ravdess_train
ravdess/AudioWAV/Actor_11/01-01-04-02-01-02-11.wav,sad,ravdess_train
ravdess/AudioWAV/Actor_11/01-01-07-02-01-01-11.wav,disgust,ravdess_train
ravdess/AudioWAV/Actor_11/01-01-07-01-02-01-11.wav,disgust,ravdess_train
ravdess/AudioWAV/Actor_11/01-01-04-01-02-02-11.wav,sad,ravdess_train
ravdess/AudioWAV/Actor_11/01-01-03-01-02-02-11.wav,happy,ravdess_train
ravdess/AudioWAV/Actor_11/01-01-03-02-01-02-11.wav,happy,ravdess_train
ravdess/AudioWAV/Actor_11/01-01-01-01-01-02-11.wav,neutral,ravdess_train
ravdess/AudioWAV/Actor_11/01-01-02-01-01-01-11.wav,neutral,ravdess_train
ravdess/AudioWAV/Actor_11/01-01-02-02-02-01-11.wav,neutral,ravdess_train
ravdess/AudioWAV/Actor_18/01-01-05-02-02-01-18.wav,angry,ravdess_train
ravdess/AudioWAV/Actor_18/01-01-06-02-02-02-18.wav,fearful,ravdess_train
ravdess/AudioWAV/Actor_18/01-01-06-01-01-02-18.wav,fearful,ravdess_train
ravdess/AudioWAV/Actor_18/01-01-05-01-01-01-18.wav,angry,ravdess_train
ravdess/AudioWAV/Actor_18/01-01-07-02-01-01-18.wav,disgust,ravdess_train
ravdess/AudioWAV/Actor_18/01-01-04-02-01-02-18.wav,sad,ravdess_train
ravdess/AudioWAV/Actor_18/01-01-04-01-02-02-18.wav,sad,ravdess_train
ravdess/AudioWAV/Actor_18/01-01-07-01-02-01-18.wav,disgust,ravdess_train
ravdess/AudioWAV/Actor_18/01-01-03-01-02-02-18.wav,happy,ravdess_train
ravdess/AudioWAV/Actor_18/01-01-03-02-01-02-18.wav,happy,ravdess_train
ravdess/AudioWAV/Actor_18/01-01-02-01-01-01-18.wav,neutral,ravdess_train
ravdess/AudioWAV/Actor_18/01-01-01-01-01-02-18.wav,neutral,ravdess_train
ravdess/AudioWAV/Actor_18/01-01-02-02-02-01-18.wav,neutral,ravdess_train
ravdess/AudioWAV/Actor_18/01-01-03-01-01-01-18.wav,happy,ravdess_train
ravdess/AudioWAV/Actor_18/01-01-03-02-02-01-18.wav,happy,ravdess_train
ravdess/AudioWAV/Actor_18/01-01-01-01-02-01-18.wav,neutral,ravdess_train
ravdess/AudioWAV/Actor_18/01-01-02-01-02-02-18.wav,neutral,ravdess_train
ravdess/AudioWAV/Actor_18/01-01-02-02-01-02-18.wav,neutral,ravdess_train
ravdess/AudioWAV/Actor_18/01-01-06-02-01-01-18.wav,fearful,ravdess_train
ravdess/AudioWAV/Actor_18/01-01-05-02-01-02-18.wav,angry,ravdess_train
ravdess/AudioWAV/Actor_18/01-01-05-01-02-02-18.wav,angry,ravdess_train
ravdess/AudioWAV/Actor_18/01-01-06-01-02-01-18.wav,fearful,ravdess_train
ravdess/AudioWAV/Actor_18/01-01-04-02-02-01-18.wav,sad,ravdess_train
ravdess/AudioWAV/Actor_18/01-01-07-02-02-02-18.wav,disgust,ravdess_train
ravdess/AudioWAV/Actor_18/01-01-07-01-01-02-18.wav,disgust,ravdess_train
ravdess/AudioWAV/Actor_18/01-01-04-01-01-01-18.wav,sad,ravdess_train
ravdess/AudioWAV/Actor_18/01-01-02-02-02-02-18.wav,neutral,ravdess_train
ravdess/AudioWAV/Actor_18/01-01-01-01-01-01-18.wav,neutral,ravdess_train
ravdess/AudioWAV/Actor_18/01-01-02-01-01-02-18.wav,neutral,ravdess_train
ravdess/AudioWAV/Actor_18/01-01-03-02-01-01-18.wav,happy,ravdess_train
ravdess/AudioWAV/Actor_18/01-01-03-01-02-01-18.wav,happy,ravdess_train
ravdess/AudioWAV/Actor_18/01-01-07-01-02-02-18.wav,disgust,ravdess_train
ravdess/AudioWAV/Actor_18/01-01-04-01-02-01-18.wav,sad,ravdess_train
ravdess/AudioWAV/Actor_18/01-01-04-02-01-01-18.wav,sad,ravdess_train
ravdess/AudioWAV/Actor_18/01-01-07-02-01-02-18.wav,disgust,ravdess_train
ravdess/AudioWAV/Actor_18/01-01-05-01-01-02-18.wav,angry,ravdess_train
ravdess/AudioWAV/Actor_18/01-01-06-01-01-01-18.wav,fearful,ravdess_train
ravdess/AudioWAV/Actor_18/01-01-06-02-02-01-18.wav,fearful,ravdess_train
ravdess/AudioWAV/Actor_18/01-01-05-02-02-02-18.wav,angry,ravdess_train
ravdess/AudioWAV/Actor_18/01-01-04-01-01-02-18.wav,sad,ravdess_train
ravdess/AudioWAV/Actor_18/01-01-07-01-01-01-18.wav,disgust,ravdess_train
ravdess/AudioWAV/Actor_18/01-01-07-02-02-01-18.wav,disgust,ravdess_train
ravdess/AudioWAV/Actor_18/01-01-04-02-02-02-18.wav,sad,ravdess_train
ravdess/AudioWAV/Actor_18/01-01-06-01-02-02-18.wav,fearful,ravdess_train
ravdess/AudioWAV/Actor_18/01-01-05-01-02-01-18.wav,angry,ravdess_train
ravdess/AudioWAV/Actor_18/01-01-05-02-01-01-18.wav,angry,ravdess_train
ravdess/AudioWAV/Actor_18/01-01-06-02-01-02-18.wav,fearful,ravdess_train
ravdess/AudioWAV/Actor_18/01-01-02-02-01-01-18.wav,neutral,ravdess_train
ravdess/AudioWAV/Actor_18/01-01-02-01-02-01-18.wav,neutral,ravdess_train
ravdess/AudioWAV/Actor_18/01-01-01-01-02-02-18.wav,neutral,ravdess_train
ravdess/AudioWAV/Actor_18/01-01-03-02-02-02-18.wav,happy,ravdess_train
ravdess/AudioWAV/Actor_18/01-01-03-01-01-02-18.wav,happy,ravdess_train
ravdess/AudioWAV/Actor_20/01-01-02-02-02-01-20.wav,neutral,ravdess_train
ravdess/AudioWAV/Actor_20/01-01-01-01-01-02-20.wav,neutral,ravdess_train
ravdess/AudioWAV/Actor_20/01-01-02-01-01-01-20.wav,neutral,ravdess_train
ravdess/AudioWAV/Actor_20/01-01-03-02-01-02-20.wav,happy,ravdess_train
ravdess/AudioWAV/Actor_20/01-01-03-01-02-02-20.wav,happy,ravdess_train
ravdess/AudioWAV/Actor_20/01-01-07-01-02-01-20.wav,disgust,ravdess_train
ravdess/AudioWAV/Actor_20/01-01-04-01-02-02-20.wav,sad,ravdess_train
ravdess/AudioWAV/Actor_20/01-01-04-02-01-02-20.wav,sad,ravdess_train
ravdess/AudioWAV/Actor_20/01-01-07-02-01-01-20.wav,disgust,ravdess_train
ravdess/AudioWAV/Actor_20/01-01-05-01-01-01-20.wav,angry,ravdess_train
ravdess/AudioWAV/Actor_20/01-01-06-01-01-02-20.wav,fearful,ravdess_train
ravdess/AudioWAV/Actor_20/01-01-06-02-02-02-20.wav,fearful,ravdess_train
ravdess/AudioWAV/Actor_20/01-01-05-02-02-01-20.wav,angry,ravdess_train
ravdess/AudioWAV/Actor_20/01-01-04-01-01-01-20.wav,sad,ravdess_train
ravdess/AudioWAV/Actor_20/01-01-07-01-01-02-20.wav,disgust,ravdess_train
ravdess/AudioWAV/Actor_20/01-01-07-02-02-02-20.wav,disgust,ravdess_train
ravdess/AudioWAV/Actor_20/01-01-04-02-02-01-20.wav,sad,ravdess_train
ravdess/AudioWAV/Actor_20/01-01-06-01-02-01-20.wav,fearful,ravdess_train
ravdess/AudioWAV/Actor_20/01-01-05-01-02-02-20.wav,angry,ravdess_train
ravdess/AudioWAV/Actor_20/01-01-05-02-01-02-20.wav,angry,ravdess_train
ravdess/AudioWAV/Actor_20/01-01-06-02-01-01-20.wav,fearful,ravdess_train
ravdess/AudioWAV/Actor_20/01-01-02-02-01-02-20.wav,neutral,ravdess_train
ravdess/AudioWAV/Actor_20/01-01-02-01-02-02-20.wav,neutral,ravdess_train
ravdess/AudioWAV/Actor_20/01-01-01-01-02-01-20.wav,neutral,ravdess_train
ravdess/AudioWAV/Actor_20/01-01-03-02-02-01-20.wav,happy,ravdess_train
ravdess/AudioWAV/Actor_20/01-01-03-01-01-01-20.wav,happy,ravdess_train
ravdess/AudioWAV/Actor_20/01-01-05-02-02-02-20.wav,angry,ravdess_train
ravdess/AudioWAV/Actor_20/01-01-06-02-02-01-20.wav,fearful,ravdess_train
ravdess/AudioWAV/Actor_20/01-01-06-01-01-01-20.wav,fearful,ravdess_train
ravdess/AudioWAV/Actor_20/01-01-05-01-01-02-20.wav,angry,ravdess_train
ravdess/AudioWAV/Actor_20/01-01-07-02-01-02-20.wav,disgust,ravdess_train
ravdess/AudioWAV/Actor_20/01-01-04-02-01-01-20.wav,sad,ravdess_train
ravdess/AudioWAV/Actor_20/01-01-04-01-02-01-20.wav,sad,ravdess_train
ravdess/AudioWAV/Actor_20/01-01-07-01-02-02-20.wav,disgust,ravdess_train
ravdess/AudioWAV/Actor_20/01-01-03-01-02-01-20.wav,happy,ravdess_train
ravdess/AudioWAV/Actor_20/01-01-03-02-01-01-20.wav,happy,ravdess_train
ravdess/AudioWAV/Actor_20/01-01-02-01-01-02-20.wav,neutral,ravdess_train
ravdess/AudioWAV/Actor_20/01-01-01-01-01-01-20.wav,neutral,ravdess_train
ravdess/AudioWAV/Actor_20/01-01-02-02-02-02-20.wav,neutral,ravdess_train
ravdess/AudioWAV/Actor_20/01-01-03-01-01-02-20.wav,happy,ravdess_train
ravdess/AudioWAV/Actor_20/01-01-03-02-02-02-20.wav,happy,ravdess_train
ravdess/AudioWAV/Actor_20/01-01-01-01-02-02-20.wav,neutral,ravdess_train
ravdess/AudioWAV/Actor_20/01-01-02-01-02-01-20.wav,neutral,ravdess_train
ravdess/AudioWAV/Actor_20/01-01-02-02-01-01-20.wav,neutral,ravdess_train
ravdess/AudioWAV/Actor_20/01-01-06-02-01-02-20.wav,fearful,ravdess_train
ravdess/AudioWAV/Actor_20/01-01-05-02-01-01-20.wav,angry,ravdess_train
ravdess/AudioWAV/Actor_20/01-01-05-01-02-01-20.wav,angry,ravdess_train
ravdess/AudioWAV/Actor_20/01-01-06-01-02-02-20.wav,fearful,ravdess_train
ravdess/AudioWAV/Actor_20/01-01-04-02-02-02-20.wav,sad,ravdess_train
ravdess/AudioWAV/Actor_20/01-01-07-02-02-01-20.wav,disgust,ravdess_train
ravdess/AudioWAV/Actor_20/01-01-07-01-01-01-20.wav,disgust,ravdess_train
ravdess/AudioWAV/Actor_20/01-01-04-01-01-02-20.wav,sad,ravdess_train
ravdess/AudioWAV/Actor_21/01-01-03-01-02-02-21.wav,happy,ravdess_train
ravdess/AudioWAV/Actor_21/01-01-03-02-01-02-21.wav,happy,ravdess_train
ravdess/AudioWAV/Actor_21/01-01-02-01-01-01-21.wav,neutral,ravdess_train
ravdess/AudioWAV/Actor_21/01-01-01-01-01-02-21.wav,neutral,ravdess_train
ravdess/AudioWAV/Actor_21/01-01-02-02-02-01-21.wav,neutral,ravdess_train
ravdess/AudioWAV/Actor_21/01-01-05-02-02-01-21.wav,angry,ravdess_train
ravdess/AudioWAV/Actor_21/01-01-06-02-02-02-21.wav,fearful,ravdess_train
ravdess/AudioWAV/Actor_21/01-01-06-01-01-02-21.wav,fearful,ravdess_train
ravdess/AudioWAV/Actor_21/01-01-05-01-01-01-21.wav,angry,ravdess_train
ravdess/AudioWAV/Actor_21/01-01-07-02-01-01-21.wav,disgust,ravdess_train
ravdess/AudioWAV/Actor_21/01-01-04-02-01-02-21.wav,sad,ravdess_train
ravdess/AudioWAV/Actor_21/01-01-04-01-02-02-21.wav,sad,ravdess_train
ravdess/AudioWAV/Actor_21/01-01-07-01-02-01-21.wav,disgust,ravdess_train
ravdess/AudioWAV/Actor_21/01-01-06-02-01-01-21.wav,fearful,ravdess_train
ravdess/AudioWAV/Actor_21/01-01-05-02-01-02-21.wav,angry,ravdess_train
ravdess/AudioWAV/Actor_21/01-01-05-01-02-02-21.wav,angry,ravdess_train
ravdess/AudioWAV/Actor_21/01-01-06-01-02-01-21.wav,fearful,ravdess_train
ravdess/AudioWAV/Actor_21/01-01-04-02-02-01-21.wav,sad,ravdess_train
ravdess/AudioWAV/Actor_21/01-01-07-02-02-02-21.wav,disgust,ravdess_train
ravdess/AudioWAV/Actor_21/01-01-07-01-01-02-21.wav,disgust,ravdess_train
ravdess/AudioWAV/Actor_21/01-01-04-01-01-01-21.wav,sad,ravdess_train
ravdess/AudioWAV/Actor_21/01-01-03-01-01-01-21.wav,happy,ravdess_train
ravdess/AudioWAV/Actor_21/01-01-03-02-02-01-21.wav,happy,ravdess_train
ravdess/AudioWAV/Actor_21/01-01-01-01-02-01-21.wav,neutral,ravdess_train
ravdess/AudioWAV/Actor_21/01-01-02-01-02-02-21.wav,neutral,ravdess_train
ravdess/AudioWAV/Actor_21/01-01-02-02-01-02-21.wav,neutral,ravdess_train
ravdess/AudioWAV/Actor_21/01-01-07-01-02-02-21.wav,disgust,ravdess_train
ravdess/AudioWAV/Actor_21/01-01-04-01-02-01-21.wav,sad,ravdess_train
ravdess/AudioWAV/Actor_21/01-01-04-02-01-01-21.wav,sad,ravdess_train
ravdess/AudioWAV/Actor_21/01-01-07-02-01-02-21.wav,disgust,ravdess_train
ravdess/AudioWAV/Actor_21/01-01-05-01-01-02-21.wav,angry,ravdess_train
ravdess/AudioWAV/Actor_21/01-01-06-01-01-01-21.wav,fearful,ravdess_train
ravdess/AudioWAV/Actor_21/01-01-06-02-02-01-21.wav,fearful,ravdess_train
ravdess/AudioWAV/Actor_21/01-01-05-02-02-02-21.wav,angry,ravdess_train
ravdess/AudioWAV/Actor_21/01-01-02-02-02-02-21.wav,neutral,ravdess_train
ravdess/AudioWAV/Actor_21/01-01-01-01-01-01-21.wav,neutral,ravdess_train
ravdess/AudioWAV/Actor_21/01-01-02-01-01-02-21.wav,neutral,ravdess_train
ravdess/AudioWAV/Actor_21/01-01-03-02-01-01-21.wav,happy,ravdess_train
ravdess/AudioWAV/Actor_21/01-01-03-01-02-01-21.wav,happy,ravdess_train
ravdess/AudioWAV/Actor_21/01-01-02-02-01-01-21.wav,neutral,ravdess_train
ravdess/AudioWAV/Actor_21/01-01-02-01-02-01-21.wav,neutral,ravdess_train
ravdess/AudioWAV/Actor_21/01-01-01-01-02-02-21.wav,neutral,ravdess_train
ravdess/AudioWAV/Actor_21/01-01-03-02-02-02-21.wav,happy,ravdess_train
ravdess/AudioWAV/Actor_21/01-01-03-01-01-02-21.wav,happy,ravdess_train
ravdess/AudioWAV/Actor_21/01-01-04-01-01-02-21.wav,sad,ravdess_train
ravdess/AudioWAV/Actor_21/01-01-07-01-01-01-21.wav,disgust,ravdess_train
ravdess/AudioWAV/Actor_21/01-01-07-02-02-01-21.wav,disgust,ravdess_train
ravdess/AudioWAV/Actor_21/01-01-04-02-02-02-21.wav,sad,ravdess_train
ravdess/AudioWAV/Actor_21/01-01-06-01-02-02-21.wav,fearful,ravdess_train
ravdess/AudioWAV/Actor_21/01-01-05-01-02-01-21.wav,angry,ravdess_train
ravdess/AudioWAV/Actor_21/01-01-05-02-01-01-21.wav,angry,ravdess_train
ravdess/AudioWAV/Actor_21/01-01-06-02-01-02-21.wav,fearful,ravdess_train
ravdess/AudioWAV/Actor_19/01-01-07-01-02-01-19.wav,disgust,ravdess_train
ravdess/AudioWAV/Actor_19/01-01-04-01-02-02-19.wav,sad,ravdess_train
ravdess/AudioWAV/Actor_19/01-01-04-02-01-02-19.wav,sad,ravdess_train
ravdess/AudioWAV/Actor_19/01-01-07-02-01-01-19.wav,disgust,ravdess_train
ravdess/AudioWAV/Actor_19/01-01-05-01-01-01-19.wav,angry,ravdess_train
ravdess/AudioWAV/Actor_19/01-01-06-01-01-02-19.wav,fearful,ravdess_train
ravdess/AudioWAV/Actor_19/01-01-06-02-02-02-19.wav,fearful,ravdess_train
ravdess/AudioWAV/Actor_19/01-01-05-02-02-01-19.wav,angry,ravdess_train
ravdess/AudioWAV/Actor_19/01-01-02-02-02-01-19.wav,neutral,ravdess_train
ravdess/AudioWAV/Actor_19/01-01-01-01-01-02-19.wav,neutral,ravdess_train
ravdess/AudioWAV/Actor_19/01-01-02-01-01-01-19.wav,neutral,ravdess_train
ravdess/AudioWAV/Actor_19/01-01-03-02-01-02-19.wav,happy,ravdess_train
ravdess/AudioWAV/Actor_19/01-01-03-01-02-02-19.wav,happy,ravdess_train
ravdess/AudioWAV/Actor_19/01-01-02-02-01-02-19.wav,neutral,ravdess_train
ravdess/AudioWAV/Actor_19/01-01-02-01-02-02-19.wav,neutral,ravdess_train
ravdess/AudioWAV/Actor_19/01-01-01-01-02-01-19.wav,neutral,ravdess_train
ravdess/AudioWAV/Actor_19/01-01-03-02-02-01-19.wav,happy,ravdess_train
ravdess/AudioWAV/Actor_19/01-01-03-01-01-01-19.wav,happy,ravdess_train
ravdess/AudioWAV/Actor_19/01-01-04-01-01-01-19.wav,sad,ravdess_train
ravdess/AudioWAV/Actor_19/01-01-07-01-01-02-19.wav,disgust,ravdess_train
ravdess/AudioWAV/Actor_19/01-01-07-02-02-02-19.wav,disgust,ravdess_train
ravdess/AudioWAV/Actor_19/01-01-04-02-02-01-19.wav,sad,ravdess_train
ravdess/AudioWAV/Actor_19/01-01-06-01-02-01-19.wav,fearful,ravdess_train
ravdess/AudioWAV/Actor_19/01-01-05-01-02-02-19.wav,angry,ravdess_train
ravdess/AudioWAV/Actor_19/01-01-05-02-01-02-19.wav,angry,ravdess_train
ravdess/AudioWAV/Actor_19/01-01-06-02-01-01-19.wav,fearful,ravdess_train
ravdess/AudioWAV/Actor_19/01-01-03-01-02-01-19.wav,happy,ravdess_train
ravdess/AudioWAV/Actor_19/01-01-03-02-01-01-19.wav,happy,ravdess_train
ravdess/AudioWAV/Actor_19/01-01-02-01-01-02-19.wav,neutral,ravdess_train
ravdess/AudioWAV/Actor_19/01-01-01-01-01-01-19.wav,neutral,ravdess_train
ravdess/AudioWAV/Actor_19/01-01-02-02-02-02-19.wav,neutral,ravdess_train
ravdess/AudioWAV/Actor_19/01-01-05-02-02-02-19.wav,angry,ravdess_train
ravdess/AudioWAV/Actor_19/01-01-06-02-02-01-19.wav,fearful,ravdess_train
ravdess/AudioWAV/Actor_19/01-01-06-01-01-01-19.wav,fearful,ravdess_train
ravdess/AudioWAV/Actor_19/01-01-05-01-01-02-19.wav,angry,ravdess_train
ravdess/AudioWAV/Actor_19/01-01-07-02-01-02-19.wav,disgust,ravdess_train
ravdess/AudioWAV/Actor_19/01-01-04-02-01-01-19.wav,sad,ravdess_train
ravdess/AudioWAV/Actor_19/01-01-04-01-02-01-19.wav,sad,ravdess_train
ravdess/AudioWAV/Actor_19/01-01-07-01-02-02-19.wav,disgust,ravdess_train
ravdess/AudioWAV/Actor_19/01-01-06-02-01-02-19.wav,fearful,ravdess_train
ravdess/AudioWAV/Actor_19/01-01-05-02-01-01-19.wav,angry,ravdess_train
ravdess/AudioWAV/Actor_19/01-01-05-01-02-01-19.wav,angry,ravdess_train
ravdess/AudioWAV/Actor_19/01-01-06-01-02-02-19.wav,fearful,ravdess_train
ravdess/AudioWAV/Actor_19/01-01-04-02-02-02-19.wav,sad,ravdess_train
ravdess/AudioWAV/Actor_19/01-01-07-02-02-01-19.wav,disgust,ravdess_train
ravdess/AudioWAV/Actor_19/01-01-07-01-01-01-19.wav,disgust,ravdess_train
ravdess/AudioWAV/Actor_19/01-01-04-01-01-02-19.wav,sad,ravdess_train
ravdess/AudioWAV/Actor_19/01-01-03-01-01-02-19.wav,happy,ravdess_train
ravdess/AudioWAV/Actor_19/01-01-03-02-02-02-19.wav,happy,ravdess_train
ravdess/AudioWAV/Actor_19/01-01-01-01-02-02-19.wav,neutral,ravdess_train
ravdess/AudioWAV/Actor_19/01-01-02-01-02-01-19.wav,neutral,ravdess_train
ravdess/AudioWAV/Actor_19/01-01-02-02-01-01-19.wav,neutral,ravdess_train
ravdess/AudioWAV/Actor_10/01-01-05-02-01-01-10.wav,angry,ravdess_train
ravdess/AudioWAV/Actor_10/01-01-06-02-01-02-10.wav,fearful,ravdess_train
ravdess/AudioWAV/Actor_10/01-01-06-01-02-02-10.wav,fearful,ravdess_train
ravdess/AudioWAV/Actor_10/01-01-05-01-02-01-10.wav,angry,ravdess_train
ravdess/AudioWAV/Actor_10/01-01-07-02-02-01-10.wav,disgust,ravdess_train
ravdess/AudioWAV/Actor_10/01-01-04-02-02-02-10.wav,sad,ravdess_train
ravdess/AudioWAV/Actor_10/01-01-04-01-01-02-10.wav,sad,ravdess_train
ravdess/AudioWAV/Actor_10/01-01-07-01-01-01-10.wav,disgust,ravdess_train
ravdess/AudioWAV/Actor_10/01-01-03-01-01-02-10.wav,happy,ravdess_train
ravdess/AudioWAV/Actor_10/01-01-03-02-02-02-10.wav,happy,ravdess_train
ravdess/AudioWAV/Actor_10/01-01-02-01-02-01-10.wav,neutral,ravdess_train
ravdess/AudioWAV/Actor_10/01-01-01-01-02-02-10.wav,neutral,ravdess_train
ravdess/AudioWAV/Actor_10/01-01-02-02-01-01-10.wav,neutral,ravdess_train
ravdess/AudioWAV/Actor_10/01-01-03-01-02-01-10.wav,happy,ravdess_train
ravdess/AudioWAV/Actor_10/01-01-03-02-01-01-10.wav,happy,ravdess_train
ravdess/AudioWAV/Actor_10/01-01-01-01-01-01-10.wav,neutral,ravdess_train
ravdess/AudioWAV/Actor_10/01-01-02-01-01-02-10.wav,neutral,ravdess_train
ravdess/AudioWAV/Actor_10/01-01-02-02-02-02-10.wav,neutral,ravdess_train
ravdess/AudioWAV/Actor_10/01-01-06-02-02-01-10.wav,fearful,ravdess_train
ravdess/AudioWAV/Actor_10/01-01-05-02-02-02-10.wav,angry,ravdess_train
ravdess/AudioWAV/Actor_10/01-01-05-01-01-02-10.wav,angry,ravdess_train
ravdess/AudioWAV/Actor_10/01-01-06-01-01-01-10.wav,fearful,ravdess_train
ravdess/AudioWAV/Actor_10/01-01-04-02-01-01-10.wav,sad,ravdess_train
ravdess/AudioWAV/Actor_10/01-01-07-02-01-02-10.wav,disgust,ravdess_train
ravdess/AudioWAV/Actor_10/01-01-07-01-02-02-10.wav,disgust,ravdess_train
ravdess/AudioWAV/Actor_10/01-01-04-01-02-01-10.wav,sad,ravdess_train
ravdess/AudioWAV/Actor_10/01-01-02-02-01-02-10.wav,neutral,ravdess_train
ravdess/AudioWAV/Actor_10/01-01-01-01-02-01-10.wav,neutral,ravdess_train
ravdess/AudioWAV/Actor_10/01-01-02-01-02-02-10.wav,neutral,ravdess_train
ravdess/AudioWAV/Actor_10/01-01-03-02-02-01-10.wav,happy,ravdess_train
ravdess/AudioWAV/Actor_10/01-01-03-01-01-01-10.wav,happy,ravdess_train
ravdess/AudioWAV/Actor_10/01-01-07-01-01-02-10.wav,disgust,ravdess_train
ravdess/AudioWAV/Actor_10/01-01-04-01-01-01-10.wav,sad,ravdess_train
ravdess/AudioWAV/Actor_10/01-01-04-02-02-01-10.wav,sad,ravdess_train
ravdess/AudioWAV/Actor_10/01-01-07-02-02-02-10.wav,disgust,ravdess_train
ravdess/AudioWAV/Actor_10/01-01-05-01-02-02-10.wav,angry,ravdess_train
ravdess/AudioWAV/Actor_10/01-01-06-01-02-01-10.wav,fearful,ravdess_train
ravdess/AudioWAV/Actor_10/01-01-06-02-01-01-10.wav,fearful,ravdess_train
ravdess/AudioWAV/Actor_10/01-01-05-02-01-02-10.wav,angry,ravdess_train
ravdess/AudioWAV/Actor_10/01-01-04-01-02-02-10.wav,sad,ravdess_train
ravdess/AudioWAV/Actor_10/01-01-07-01-02-01-10.wav,disgust,ravdess_train
ravdess/AudioWAV/Actor_10/01-01-07-02-01-01-10.wav,disgust,ravdess_train
ravdess/AudioWAV/Actor_10/01-01-04-02-01-02-10.wav,sad,ravdess_train
ravdess/AudioWAV/Actor_10/01-01-06-01-01-02-10.wav,fearful,ravdess_train
ravdess/AudioWAV/Actor_10/01-01-05-01-01-01-10.wav,angry,ravdess_train
ravdess/AudioWAV/Actor_10/01-01-05-02-02-01-10.wav,angry,ravdess_train
ravdess/AudioWAV/Actor_10/01-01-06-02-02-02-10.wav,fearful,ravdess_train
ravdess/AudioWAV/Actor_10/01-01-02-02-02-01-10.wav,neutral,ravdess_train
ravdess/AudioWAV/Actor_10/01-01-02-01-01-01-10.wav,neutral,ravdess_train
ravdess/AudioWAV/Actor_10/01-01-01-01-01-02-10.wav,neutral,ravdess_train
ravdess/AudioWAV/Actor_10/01-01-03-02-01-02-10.wav,happy,ravdess_train
ravdess/AudioWAV/Actor_10/01-01-03-01-02-02-10.wav,happy,ravdess_train
ravdess/AudioWAV/Actor_17/01-01-02-02-01-01-17.wav,neutral,ravdess_train
ravdess/AudioWAV/Actor_17/01-01-02-01-02-01-17.wav,neutral,ravdess_train
ravdess/AudioWAV/Actor_17/01-01-01-01-02-02-17.wav,neutral,ravdess_train
ravdess/AudioWAV/Actor_17/01-01-03-02-02-02-17.wav,happy,ravdess_train
ravdess/AudioWAV/Actor_17/01-01-03-01-01-02-17.wav,happy,ravdess_train
ravdess/AudioWAV/Actor_17/01-01-04-01-01-02-17.wav,sad,ravdess_train
ravdess/AudioWAV/Actor_17/01-01-07-01-01-01-17.wav,disgust,ravdess_train
ravdess/AudioWAV/Actor_17/01-01-07-02-02-01-17.wav,disgust,ravdess_train
ravdess/AudioWAV/Actor_17/01-01-04-02-02-02-17.wav,sad,ravdess_train
ravdess/AudioWAV/Actor_17/01-01-06-01-02-02-17.wav,fearful,ravdess_train
ravdess/AudioWAV/Actor_17/01-01-05-01-02-01-17.wav,angry,ravdess_train
ravdess/AudioWAV/Actor_17/01-01-05-02-01-01-17.wav,angry,ravdess_train
ravdess/AudioWAV/Actor_17/01-01-06-02-01-02-17.wav,fearful,ravdess_train
ravdess/AudioWAV/Actor_17/01-01-07-01-02-02-17.wav,disgust,ravdess_train
ravdess/AudioWAV/Actor_17/01-01-04-01-02-01-17.wav,sad,ravdess_train
ravdess/AudioWAV/Actor_17/01-01-04-02-01-01-17.wav,sad,ravdess_train
ravdess/AudioWAV/Actor_17/01-01-07-02-01-02-17.wav,disgust,ravdess_train
ravdess/AudioWAV/Actor_17/01-01-05-01-01-02-17.wav,angry,ravdess_train
ravdess/AudioWAV/Actor_17/01-01-06-01-01-01-17.wav,fearful,ravdess_train
ravdess/AudioWAV/Actor_17/01-01-06-02-02-01-17.wav,fearful,ravdess_train
ravdess/AudioWAV/Actor_17/01-01-05-02-02-02-17.wav,angry,ravdess_train
ravdess/AudioWAV/Actor_17/01-01-02-02-02-02-17.wav,neutral,ravdess_train
ravdess/AudioWAV/Actor_17/01-01-01-01-01-01-17.wav,neutral,ravdess_train
ravdess/AudioWAV/Actor_17/01-01-02-01-01-02-17.wav,neutral,ravdess_train
ravdess/AudioWAV/Actor_17/01-01-03-02-01-01-17.wav,happy,ravdess_train
ravdess/AudioWAV/Actor_17/01-01-03-01-02-01-17.wav,happy,ravdess_train
ravdess/AudioWAV/Actor_17/01-01-06-02-01-01-17.wav,fearful,ravdess_train
ravdess/AudioWAV/Actor_17/01-01-05-02-01-02-17.wav,angry,ravdess_train
ravdess/AudioWAV/Actor_17/01-01-05-01-02-02-17.wav,angry,ravdess_train
ravdess/AudioWAV/Actor_17/01-01-06-01-02-01-17.wav,fearful,ravdess_train
ravdess/AudioWAV/Actor_17/01-01-04-02-02-01-17.wav,sad,ravdess_train
ravdess/AudioWAV/Actor_17/01-01-07-02-02-02-17.wav,disgust,ravdess_train
ravdess/AudioWAV/Actor_17/01-01-07-01-01-02-17.wav,disgust,ravdess_train
ravdess/AudioWAV/Actor_17/01-01-04-01-01-01-17.wav,sad,ravdess_train
ravdess/AudioWAV/Actor_17/01-01-03-01-01-01-17.wav,happy,ravdess_train
ravdess/AudioWAV/Actor_17/01-01-03-02-02-01-17.wav,happy,ravdess_train
ravdess/AudioWAV/Actor_17/01-01-01-01-02-01-17.wav,neutral,ravdess_train
ravdess/AudioWAV/Actor_17/01-01-02-01-02-02-17.wav,neutral,ravdess_train
ravdess/AudioWAV/Actor_17/01-01-02-02-01-02-17.wav,neutral,ravdess_train
ravdess/AudioWAV/Actor_17/01-01-03-01-02-02-17.wav,happy,ravdess_train
ravdess/AudioWAV/Actor_17/01-01-03-02-01-02-17.wav,happy,ravdess_train
ravdess/AudioWAV/Actor_17/01-01-02-01-01-01-17.wav,neutral,ravdess_train
ravdess/AudioWAV/Actor_17/01-01-01-01-01-02-17.wav,neutral,ravdess_train
ravdess/AudioWAV/Actor_17/01-01-02-02-02-01-17.wav,neutral,ravdess_train
ravdess/AudioWAV/Actor_17/01-01-05-02-02-01-17.wav,angry,ravdess_train
ravdess/AudioWAV/Actor_17/01-01-06-02-02-02-17.wav,fearful,ravdess_train
ravdess/AudioWAV/Actor_17/01-01-06-01-01-02-17.wav,fearful,ravdess_train
ravdess/AudioWAV/Actor_17/01-01-05-01-01-01-17.wav,angry,ravdess_train
ravdess/AudioWAV/Actor_17/01-01-07-02-01-01-17.wav,disgust,ravdess_train
ravdess/AudioWAV/Actor_17/01-01-04-02-01-02-17.wav,sad,ravdess_train
ravdess/AudioWAV/Actor_17/01-01-04-01-02-02-17.wav,sad,ravdess_train
ravdess/AudioWAV/Actor_17/01-01-07-01-02-01-17.wav,disgust,ravdess_train
ravdess/AudioWAV/Actor_03/01-01-02-02-01-01-03.wav,neutral,ravdess_train
ravdess/AudioWAV/Actor_03/01-01-01-01-02-02-03.wav,neutral,ravdess_train
ravdess/AudioWAV/Actor_03/01-01-02-01-02-01-03.wav,neutral,ravdess_train
ravdess/AudioWAV/Actor_03/01-01-03-02-02-02-03.wav,happy,ravdess_train
ravdess/AudioWAV/Actor_03/01-01-03-01-01-02-03.wav,happy,ravdess_train
ravdess/AudioWAV/Actor_03/01-01-07-01-01-01-03.wav,disgust,ravdess_train
ravdess/AudioWAV/Actor_03/01-01-04-01-01-02-03.wav,sad,ravdess_train
ravdess/AudioWAV/Actor_03/01-01-04-02-02-02-03.wav,sad,ravdess_train
ravdess/AudioWAV/Actor_03/01-01-07-02-02-01-03.wav,disgust,ravdess_train
ravdess/AudioWAV/Actor_03/01-01-05-01-02-01-03.wav,angry,ravdess_train
ravdess/AudioWAV/Actor_03/01-01-06-01-02-02-03.wav,fearful,ravdess_train
ravdess/AudioWAV/Actor_03/01-01-06-02-01-02-03.wav,fearful,ravdess_train
ravdess/AudioWAV/Actor_03/01-01-05-02-01-01-03.wav,angry,ravdess_train
ravdess/AudioWAV/Actor_03/01-01-04-01-02-01-03.wav,sad,ravdess_train
ravdess/AudioWAV/Actor_03/01-01-07-01-02-02-03.wav,disgust,ravdess_train
ravdess/AudioWAV/Actor_03/01-01-07-02-01-02-03.wav,disgust,ravdess_train
ravdess/AudioWAV/Actor_03/01-01-04-02-01-01-03.wav,sad,ravdess_train
ravdess/AudioWAV/Actor_03/01-01-06-01-01-01-03.wav,fearful,ravdess_train
ravdess/AudioWAV/Actor_03/01-01-05-01-01-02-03.wav,angry,ravdess_train
ravdess/AudioWAV/Actor_03/01-01-05-02-02-02-03.wav,angry,ravdess_train
ravdess/AudioWAV/Actor_03/01-01-06-02-02-01-03.wav,fearful,ravdess_train
ravdess/AudioWAV/Actor_03/01-01-02-02-02-02-03.wav,neutral,ravdess_train
ravdess/AudioWAV/Actor_03/01-01-02-01-01-02-03.wav,neutral,ravdess_train
ravdess/AudioWAV/Actor_03/01-01-01-01-01-01-03.wav,neutral,ravdess_train
ravdess/AudioWAV/Actor_03/01-01-03-02-01-01-03.wav,happy,ravdess_train
ravdess/AudioWAV/Actor_03/01-01-03-01-02-01-03.wav,happy,ravdess_train
ravdess/AudioWAV/Actor_03/01-01-05-02-01-02-03.wav,angry,ravdess_train
ravdess/AudioWAV/Actor_03/01-01-06-02-01-01-03.wav,fearful,ravdess_train
ravdess/AudioWAV/Actor_03/01-01-06-01-02-01-03.wav,fearful,ravdess_train
ravdess/AudioWAV/Actor_03/01-01-05-01-02-02-03.wav,angry,ravdess_train
ravdess/AudioWAV/Actor_03/01-01-07-02-02-02-03.wav,disgust,ravdess_train
ravdess/AudioWAV/Actor_03/01-01-04-02-02-01-03.wav,sad,ravdess_train
ravdess/AudioWAV/Actor_03/01-01-04-01-01-01-03.wav,sad,ravdess_train
ravdess/AudioWAV/Actor_03/01-01-07-01-01-02-03.wav,disgust,ravdess_train
ravdess/AudioWAV/Actor_03/01-01-03-01-01-01-03.wav,happy,ravdess_train
ravdess/AudioWAV/Actor_03/01-01-03-02-02-01-03.wav,happy,ravdess_train
ravdess/AudioWAV/Actor_03/01-01-02-01-02-02-03.wav,neutral,ravdess_train
ravdess/AudioWAV/Actor_03/01-01-01-01-02-01-03.wav,neutral,ravdess_train
ravdess/AudioWAV/Actor_03/01-01-02-02-01-02-03.wav,neutral,ravdess_train
ravdess/AudioWAV/Actor_03/01-01-03-01-02-02-03.wav,happy,ravdess_train
ravdess/AudioWAV/Actor_03/01-01-03-02-01-02-03.wav,happy,ravdess_train
ravdess/AudioWAV/Actor_03/01-01-01-01-01-02-03.wav,neutral,ravdess_train
ravdess/AudioWAV/Actor_03/01-01-02-01-01-01-03.wav,neutral,ravdess_train
ravdess/AudioWAV/Actor_03/01-01-02-02-02-01-03.wav,neutral,ravdess_train
ravdess/AudioWAV/Actor_03/01-01-06-02-02-02-03.wav,fearful,ravdess_train
ravdess/AudioWAV/Actor_03/01-01-05-02-02-01-03.wav,angry,ravdess_train
ravdess/AudioWAV/Actor_03/01-01-05-01-01-01-03.wav,angry,ravdess_train
ravdess/AudioWAV/Actor_03/01-01-06-01-01-02-03.wav,fearful,ravdess_train
ravdess/AudioWAV/Actor_03/01-01-04-02-01-02-03.wav,sad,ravdess_train
ravdess/AudioWAV/Actor_03/01-01-07-02-01-01-03.wav,disgust,ravdess_train
ravdess/AudioWAV/Actor_03/01-01-07-01-02-01-03.wav,disgust,ravdess_train
ravdess/AudioWAV/Actor_03/01-01-04-01-02-02-03.wav,sad,ravdess_train
ravdess/AudioWAV/Actor_02/01-01-03-01-01-02-02.wav,happy,ravdess_train
ravdess/AudioWAV/Actor_02/01-01-03-02-02-02-02.wav,happy,ravdess_train
ravdess/AudioWAV/Actor_02/01-01-02-01-02-01-02.wav,neutral,ravdess_train
ravdess/AudioWAV/Actor_02/01-01-01-01-02-02-02.wav,neutral,ravdess_train
ravdess/AudioWAV/Actor_02/01-01-02-02-01-01-02.wav,neutral,ravdess_train
ravdess/AudioWAV/Actor_02/01-01-05-02-01-01-02.wav,angry,ravdess_train
ravdess/AudioWAV/Actor_02/01-01-06-02-01-02-02.wav,fearful,ravdess_train
ravdess/AudioWAV/Actor_02/01-01-06-01-02-02-02.wav,fearful,ravdess_train
ravdess/AudioWAV/Actor_02/01-01-05-01-02-01-02.wav,angry,ravdess_train
ravdess/AudioWAV/Actor_02/01-01-07-02-02-01-02.wav,disgust,ravdess_train
ravdess/AudioWAV/Actor_02/01-01-04-02-02-02-02.wav,sad,ravdess_train
ravdess/AudioWAV/Actor_02/01-01-04-01-01-02-02.wav,sad,ravdess_train
ravdess/AudioWAV/Actor_02/01-01-07-01-01-01-02.wav,disgust,ravdess_train
ravdess/AudioWAV/Actor_02/01-01-06-02-02-01-02.wav,fearful,ravdess_train
ravdess/AudioWAV/Actor_02/01-01-05-02-02-02-02.wav,angry,ravdess_train
ravdess/AudioWAV/Actor_02/01-01-05-01-01-02-02.wav,angry,ravdess_train
ravdess/AudioWAV/Actor_02/01-01-06-01-01-01-02.wav,fearful,ravdess_train
ravdess/AudioWAV/Actor_02/01-01-04-02-01-01-02.wav,sad,ravdess_train
ravdess/AudioWAV/Actor_02/01-01-07-02-01-02-02.wav,disgust,ravdess_train
ravdess/AudioWAV/Actor_02/01-01-07-01-02-02-02.wav,disgust,ravdess_train
ravdess/AudioWAV/Actor_02/01-01-04-01-02-01-02.wav,sad,ravdess_train
ravdess/AudioWAV/Actor_02/01-01-03-01-02-01-02.wav,happy,ravdess_train
ravdess/AudioWAV/Actor_02/01-01-03-02-01-01-02.wav,happy,ravdess_train
ravdess/AudioWAV/Actor_02/01-01-01-01-01-01-02.wav,neutral,ravdess_train
ravdess/AudioWAV/Actor_02/01-01-02-01-01-02-02.wav,neutral,ravdess_train
ravdess/AudioWAV/Actor_02/01-01-02-02-02-02-02.wav,neutral,ravdess_train
ravdess/AudioWAV/Actor_02/01-01-07-01-01-02-02.wav,disgust,ravdess_train
ravdess/AudioWAV/Actor_02/01-01-04-01-01-01-02.wav,sad,ravdess_train
ravdess/AudioWAV/Actor_02/01-01-04-02-02-01-02.wav,sad,ravdess_train
ravdess/AudioWAV/Actor_02/01-01-07-02-02-02-02.wav,disgust,ravdess_train
ravdess/AudioWAV/Actor_02/01-01-05-01-02-02-02.wav,angry,ravdess_train
ravdess/AudioWAV/Actor_02/01-01-06-01-02-01-02.wav,fearful,ravdess_train
ravdess/AudioWAV/Actor_02/01-01-06-02-01-01-02.wav,fearful,ravdess_train
ravdess/AudioWAV/Actor_02/01-01-05-02-01-02-02.wav,angry,ravdess_train
ravdess/AudioWAV/Actor_02/01-01-02-02-01-02-02.wav,neutral,ravdess_train
ravdess/AudioWAV/Actor_02/01-01-01-01-02-01-02.wav,neutral,ravdess_train
ravdess/AudioWAV/Actor_02/01-01-02-01-02-02-02.wav,neutral,ravdess_train
ravdess/AudioWAV/Actor_02/01-01-03-02-02-01-02.wav,happy,ravdess_train
ravdess/AudioWAV/Actor_02/01-01-03-01-01-01-02.wav,happy,ravdess_train
ravdess/AudioWAV/Actor_02/01-01-02-02-02-01-02.wav,neutral,ravdess_train
ravdess/AudioWAV/Actor_02/01-01-02-01-01-01-02.wav,neutral,ravdess_train
ravdess/AudioWAV/Actor_02/01-01-01-01-01-02-02.wav,neutral,ravdess_train
ravdess/AudioWAV/Actor_02/01-01-03-02-01-02-02.wav,happy,ravdess_train
ravdess/AudioWAV/Actor_02/01-01-03-01-02-02-02.wav,happy,ravdess_train
ravdess/AudioWAV/Actor_02/01-01-04-01-02-02-02.wav,sad,ravdess_train
ravdess/AudioWAV/Actor_02/01-01-07-01-02-01-02.wav,disgust,ravdess_train
ravdess/AudioWAV/Actor_02/01-01-07-02-01-01-02.wav,disgust,ravdess_train
ravdess/AudioWAV/Actor_02/01-01-04-02-01-02-02.wav,sad,ravdess_train
ravdess/AudioWAV/Actor_02/01-01-06-01-01-02-02.wav,fearful,ravdess_train
ravdess/AudioWAV/Actor_02/01-01-05-01-01-01-02.wav,angry,ravdess_train
ravdess/AudioWAV/Actor_02/01-01-05-02-02-01-02.wav,angry,ravdess_train
ravdess/AudioWAV/Actor_02/01-01-06-02-02-02-02.wav,fearful,ravdess_train
ravdess/AudioWAV/Actor_12/01-01-04-01-01-02-12.wav,sad,ravdess_train
ravdess/AudioWAV/Actor_12/01-01-07-01-01-01-12.wav,disgust,ravdess_train
ravdess/AudioWAV/Actor_12/01-01-07-02-02-01-12.wav,disgust,ravdess_train
ravdess/AudioWAV/Actor_12/01-01-04-02-02-02-12.wav,sad,ravdess_train
ravdess/AudioWAV/Actor_12/01-01-06-01-02-02-12.wav,fearful,ravdess_train
ravdess/AudioWAV/Actor_12/01-01-05-01-02-01-12.wav,angry,ravdess_train
ravdess/AudioWAV/Actor_12/01-01-05-02-01-01-12.wav,angry,ravdess_train
ravdess/AudioWAV/Actor_12/01-01-06-02-01-02-12.wav,fearful,ravdess_train
ravdess/AudioWAV/Actor_12/01-01-02-02-01-01-12.wav,neutral,ravdess_train
ravdess/AudioWAV/Actor_12/01-01-02-01-02-01-12.wav,neutral,ravdess_train
ravdess/AudioWAV/Actor_12/01-01-01-01-02-02-12.wav,neutral,ravdess_train
ravdess/AudioWAV/Actor_12/01-01-03-02-02-02-12.wav,happy,ravdess_train
ravdess/AudioWAV/Actor_12/01-01-03-01-01-02-12.wav,happy,ravdess_train
ravdess/AudioWAV/Actor_12/01-01-02-02-02-02-12.wav,neutral,ravdess_train
ravdess/AudioWAV/Actor_12/01-01-01-01-01-01-12.wav,neutral,ravdess_train
ravdess/AudioWAV/Actor_12/01-01-02-01-01-02-12.wav,neutral,ravdess_train
ravdess/AudioWAV/Actor_12/01-01-03-02-01-01-12.wav,happy,ravdess_train
ravdess/AudioWAV/Actor_12/01-01-03-01-02-01-12.wav,happy,ravdess_train
ravdess/AudioWAV/Actor_12/01-01-07-01-02-02-12.wav,disgust,ravdess_train
ravdess/AudioWAV/Actor_12/01-01-04-01-02-01-12.wav,sad,ravdess_train
ravdess/AudioWAV/Actor_12/01-01-04-02-01-01-12.wav,sad,ravdess_train
ravdess/AudioWAV/Actor_12/01-01-07-02-01-02-12.wav,disgust,ravdess_train
ravdess/AudioWAV/Actor_12/01-01-05-01-01-02-12.wav,angry,ravdess_train
ravdess/AudioWAV/Actor_12/01-01-06-01-01-01-12.wav,fearful,ravdess_train
ravdess/AudioWAV/Actor_12/01-01-06-02-02-01-12.wav,fearful,ravdess_train
ravdess/AudioWAV/Actor_12/01-01-05-02-02-02-12.wav,angry,ravdess_train
ravdess/AudioWAV/Actor_12/01-01-03-01-01-01-12.wav,happy,ravdess_train
ravdess/AudioWAV/Actor_12/01-01-03-02-02-01-12.wav,happy,ravdess_train
ravdess/AudioWAV/Actor_12/01-01-01-01-02-01-12.wav,neutral,ravdess_train
ravdess/AudioWAV/Actor_12/01-01-02-01-02-02-12.wav,neutral,ravdess_train
ravdess/AudioWAV/Actor_12/01-01-02-02-01-02-12.wav,neutral,ravdess_train
ravdess/AudioWAV/Actor_12/01-01-06-02-01-01-12.wav,fearful,ravdess_train
ravdess/AudioWAV/Actor_12/01-01-05-02-01-02-12.wav,angry,ravdess_train
ravdess/AudioWAV/Actor_12/01-01-05-01-02-02-12.wav,angry,ravdess_train
ravdess/AudioWAV/Actor_12/01-01-06-01-02-01-12.wav,fearful,ravdess_train
ravdess/AudioWAV/Actor_12/01-01-04-02-02-01-12.wav,sad,ravdess_train
ravdess/AudioWAV/Actor_12/01-01-07-02-02-02-12.wav,disgust,ravdess_train
ravdess/AudioWAV/Actor_12/01-01-07-01-01-02-12.wav,disgust,ravdess_train
ravdess/AudioWAV/Actor_12/01-01-04-01-01-01-12.wav,sad,ravdess_train
ravdess/AudioWAV/Actor_12/01-01-05-02-02-01-12.wav,angry,ravdess_train
ravdess/AudioWAV/Actor_12/01-01-06-02-02-02-12.wav,fearful,ravdess_train
ravdess/AudioWAV/Actor_12/01-01-06-01-01-02-12.wav,fearful,ravdess_train
ravdess/AudioWAV/Actor_12/01-01-05-01-01-01-12.wav,angry,ravdess_train
ravdess/AudioWAV/Actor_12/01-01-07-02-01-01-12.wav,disgust,ravdess_train
ravdess/AudioWAV/Actor_12/01-01-04-02-01-02-12.wav,sad,ravdess_train
ravdess/AudioWAV/Actor_12/01-01-04-01-02-02-12.wav,sad,ravdess_train
ravdess/AudioWAV/Actor_12/01-01-07-01-02-01-12.wav,disgust,ravdess_train
ravdess/AudioWAV/Actor_12/01-01-03-01-02-02-12.wav,happy,ravdess_train
ravdess/AudioWAV/Actor_12/01-01-03-02-01-02-12.wav,happy,ravdess_train
ravdess/AudioWAV/Actor_12/01-01-02-01-01-01-12.wav,neutral,ravdess_train
ravdess/AudioWAV/Actor_12/01-01-01-01-01-02-12.wav,neutral,ravdess_train
ravdess/AudioWAV/Actor_12/01-01-02-02-02-01-12.wav,neutral,ravdess_train
ravdess/AudioWAV/Actor_15/01-01-03-01-01-02-15.wav,happy,ravdess_train
ravdess/AudioWAV/Actor_15/01-01-03-02-02-02-15.wav,happy,ravdess_train
ravdess/AudioWAV/Actor_15/01-01-02-01-02-01-15.wav,neutral,ravdess_train
ravdess/AudioWAV/Actor_15/01-01-01-01-02-02-15.wav,neutral,ravdess_train
ravdess/AudioWAV/Actor_15/01-01-02-02-01-01-15.wav,neutral,ravdess_train
ravdess/AudioWAV/Actor_15/01-01-05-02-01-01-15.wav,angry,ravdess_train
ravdess/AudioWAV/Actor_15/01-01-06-02-01-02-15.wav,fearful,ravdess_train
ravdess/AudioWAV/Actor_15/01-01-06-01-02-02-15.wav,fearful,ravdess_train
ravdess/AudioWAV/Actor_15/01-01-05-01-02-01-15.wav,angry,ravdess_train
ravdess/AudioWAV/Actor_15/01-01-07-02-02-01-15.wav,disgust,ravdess_train
ravdess/AudioWAV/Actor_15/01-01-04-02-02-02-15.wav,sad,ravdess_train
ravdess/AudioWAV/Actor_15/01-01-04-01-01-02-15.wav,sad,ravdess_train
ravdess/AudioWAV/Actor_15/01-01-07-01-01-01-15.wav,disgust,ravdess_train
ravdess/AudioWAV/Actor_15/01-01-06-02-02-01-15.wav,fearful,ravdess_train
ravdess/AudioWAV/Actor_15/01-01-05-02-02-02-15.wav,angry,ravdess_train
ravdess/AudioWAV/Actor_15/01-01-05-01-01-02-15.wav,angry,ravdess_train
ravdess/AudioWAV/Actor_15/01-01-06-01-01-01-15.wav,fearful,ravdess_train
ravdess/AudioWAV/Actor_15/01-01-04-02-01-01-15.wav,sad,ravdess_train
ravdess/AudioWAV/Actor_15/01-01-07-02-01-02-15.wav,disgust,ravdess_train
ravdess/AudioWAV/Actor_15/01-01-07-01-02-02-15.wav,disgust,ravdess_train
ravdess/AudioWAV/Actor_15/01-01-04-01-02-01-15.wav,sad,ravdess_train
ravdess/AudioWAV/Actor_15/01-01-03-01-02-01-15.wav,happy,ravdess_train
ravdess/AudioWAV/Actor_15/01-01-03-02-01-01-15.wav,happy,ravdess_train
ravdess/AudioWAV/Actor_15/01-01-01-01-01-01-15.wav,neutral,ravdess_train
ravdess/AudioWAV/Actor_15/01-01-02-01-01-02-15.wav,neutral,ravdess_train
ravdess/AudioWAV/Actor_15/01-01-02-02-02-02-15.wav,neutral,ravdess_train
ravdess/AudioWAV/Actor_15/01-01-07-01-01-02-15.wav,disgust,ravdess_train
ravdess/AudioWAV/Actor_15/01-01-04-01-01-01-15.wav,sad,ravdess_train
ravdess/AudioWAV/Actor_15/01-01-04-02-02-01-15.wav,sad,ravdess_train
ravdess/AudioWAV/Actor_15/01-01-07-02-02-02-15.wav,disgust,ravdess_train
ravdess/AudioWAV/Actor_15/01-01-05-01-02-02-15.wav,angry,ravdess_train
ravdess/AudioWAV/Actor_15/01-01-06-01-02-01-15.wav,fearful,ravdess_train
ravdess/AudioWAV/Actor_15/01-01-06-02-01-01-15.wav,fearful,ravdess_train
ravdess/AudioWAV/Actor_15/01-01-05-02-01-02-15.wav,angry,ravdess_train
ravdess/AudioWAV/Actor_15/01-01-02-02-01-02-15.wav,neutral,ravdess_train
ravdess/AudioWAV/Actor_15/01-01-01-01-02-01-15.wav,neutral,ravdess_train
ravdess/AudioWAV/Actor_15/01-01-02-01-02-02-15.wav,neutral,ravdess_train
ravdess/AudioWAV/Actor_15/01-01-03-02-02-01-15.wav,happy,ravdess_train
ravdess/AudioWAV/Actor_15/01-01-03-01-01-01-15.wav,happy,ravdess_train
ravdess/AudioWAV/Actor_15/01-01-02-02-02-01-15.wav,neutral,ravdess_train
ravdess/AudioWAV/Actor_15/01-01-02-01-01-01-15.wav,neutral,ravdess_train
ravdess/AudioWAV/Actor_15/01-01-01-01-01-02-15.wav,neutral,ravdess_train
ravdess/AudioWAV/Actor_15/01-01-03-02-01-02-15.wav,happy,ravdess_train
ravdess/AudioWAV/Actor_15/01-01-03-01-02-02-15.wav,happy,ravdess_train
ravdess/AudioWAV/Actor_15/01-01-04-01-02-02-15.wav,sad,ravdess_train
ravdess/AudioWAV/Actor_15/01-01-07-01-02-01-15.wav,disgust,ravdess_train
ravdess/AudioWAV/Actor_15/01-01-07-02-01-01-15.wav,disgust,ravdess_train
ravdess/AudioWAV/Actor_15/01-01-04-02-01-02-15.wav,sad,ravdess_train
ravdess/AudioWAV/Actor_15/01-01-06-01-01-02-15.wav,fearful,ravdess_train
ravdess/AudioWAV/Actor_15/01-01-05-01-01-01-15.wav,angry,ravdess_train
ravdess/AudioWAV/Actor_15/01-01-05-02-02-01-15.wav,angry,ravdess_train
ravdess/AudioWAV/Actor_15/01-01-06-02-02-02-15.wav,fearful,ravdess_train
ravdess/AudioWAV/Actor_23/01-01-02-02-02-01-23.wav,neutral,ravdess_train
ravdess/AudioWAV/Actor_23/01-01-02-01-01-01-23.wav,neutral,ravdess_train
ravdess/AudioWAV/Actor_23/01-01-01-01-01-02-23.wav,neutral,ravdess_train
ravdess/AudioWAV/Actor_23/01-01-03-02-01-02-23.wav,happy,ravdess_train
ravdess/AudioWAV/Actor_23/01-01-03-01-02-02-23.wav,happy,ravdess_train
ravdess/AudioWAV/Actor_23/01-01-04-01-02-02-23.wav,sad,ravdess_train
ravdess/AudioWAV/Actor_23/01-01-07-01-02-01-23.wav,disgust,ravdess_train
ravdess/AudioWAV/Actor_23/01-01-07-02-01-01-23.wav,disgust,ravdess_train
ravdess/AudioWAV/Actor_23/01-01-04-02-01-02-23.wav,sad,ravdess_train
ravdess/AudioWAV/Actor_23/01-01-06-01-01-02-23.wav,fearful,ravdess_train
ravdess/AudioWAV/Actor_23/01-01-05-01-01-01-23.wav,angry,ravdess_train
ravdess/AudioWAV/Actor_23/01-01-05-02-02-01-23.wav,angry,ravdess_train
ravdess/AudioWAV/Actor_23/01-01-06-02-02-02-23.wav,fearful,ravdess_train
ravdess/AudioWAV/Actor_23/01-01-07-01-01-02-23.wav,disgust,ravdess_train
ravdess/AudioWAV/Actor_23/01-01-04-01-01-01-23.wav,sad,ravdess_train
ravdess/AudioWAV/Actor_23/01-01-04-02-02-01-23.wav,sad,ravdess_train
ravdess/AudioWAV/Actor_23/01-01-07-02-02-02-23.wav,disgust,ravdess_train
ravdess/AudioWAV/Actor_23/01-01-05-01-02-02-23.wav,angry,ravdess_train
ravdess/AudioWAV/Actor_23/01-01-06-01-02-01-23.wav,fearful,ravdess_train
ravdess/AudioWAV/Actor_23/01-01-06-02-01-01-23.wav,fearful,ravdess_train
ravdess/AudioWAV/Actor_23/01-01-05-02-01-02-23.wav,angry,ravdess_train
ravdess/AudioWAV/Actor_23/01-01-02-02-01-02-23.wav,neutral,ravdess_train
ravdess/AudioWAV/Actor_23/01-01-01-01-02-01-23.wav,neutral,ravdess_train
ravdess/AudioWAV/Actor_23/01-01-02-01-02-02-23.wav,neutral,ravdess_train
ravdess/AudioWAV/Actor_23/01-01-03-02-02-01-23.wav,happy,ravdess_train
ravdess/AudioWAV/Actor_23/01-01-03-01-01-01-23.wav,happy,ravdess_train
ravdess/AudioWAV/Actor_23/01-01-06-02-02-01-23.wav,fearful,ravdess_train
ravdess/AudioWAV/Actor_23/01-01-05-02-02-02-23.wav,angry,ravdess_train
ravdess/AudioWAV/Actor_23/01-01-05-01-01-02-23.wav,angry,ravdess_train
ravdess/AudioWAV/Actor_23/01-01-06-01-01-01-23.wav,fearful,ravdess_train
ravdess/AudioWAV/Actor_23/01-01-04-02-01-01-23.wav,sad,ravdess_train
ravdess/AudioWAV/Actor_23/01-01-07-02-01-02-23.wav,disgust,ravdess_train
ravdess/AudioWAV/Actor_23/01-01-07-01-02-02-23.wav,disgust,ravdess_train
ravdess/AudioWAV/Actor_23/01-01-04-01-02-01-23.wav,sad,ravdess_train
ravdess/AudioWAV/Actor_23/01-01-03-01-02-01-23.wav,happy,ravdess_train
ravdess/AudioWAV/Actor_23/01-01-03-02-01-01-23.wav,happy,ravdess_train
ravdess/AudioWAV/Actor_23/01-01-01-01-01-01-23.wav,neutral,ravdess_train
ravdess/AudioWAV/Actor_23/01-01-02-01-01-02-23.wav,neutral,ravdess_train
ravdess/AudioWAV/Actor_23/01-01-02-02-02-02-23.wav,neutral,ravdess_train
ravdess/AudioWAV/Actor_23/01-01-03-01-01-02-23.wav,happy,ravdess_train
ravdess/AudioWAV/Actor_23/01-01-03-02-02-02-23.wav,happy,ravdess_train
ravdess/AudioWAV/Actor_23/01-01-02-01-02-01-23.wav,neutral,ravdess_train
ravdess/AudioWAV/Actor_23/01-01-01-01-02-02-23.wav,neutral,ravdess_train
ravdess/AudioWAV/Actor_23/01-01-02-02-01-01-23.wav,neutral,ravdess_train
ravdess/AudioWAV/Actor_23/01-01-05-02-01-01-23.wav,angry,ravdess_train
ravdess/AudioWAV/Actor_23/01-01-06-02-01-02-23.wav,fearful,ravdess_train
ravdess/AudioWAV/Actor_23/01-01-06-01-02-02-23.wav,fearful,ravdess_train
ravdess/AudioWAV/Actor_23/01-01-05-01-02-01-23.wav,angry,ravdess_train
ravdess/AudioWAV/Actor_23/01-01-07-02-02-01-23.wav,disgust,ravdess_train
ravdess/AudioWAV/Actor_23/01-01-04-02-02-02-23.wav,sad,ravdess_train
ravdess/AudioWAV/Actor_23/01-01-04-01-01-02-23.wav,sad,ravdess_train
ravdess/AudioWAV/Actor_23/01-01-07-01-01-01-23.wav,disgust,ravdess_train
ravdess/AudioWAV/Actor_24/01-01-05-02-02-01-24.wav,angry,ravdess_train
ravdess/AudioWAV/Actor_24/01-01-06-02-02-02-24.wav,fearful,ravdess_train
ravdess/AudioWAV/Actor_24/01-01-06-01-01-02-24.wav,fearful,ravdess_train
ravdess/AudioWAV/Actor_24/01-01-05-01-01-01-24.wav,angry,ravdess_train
ravdess/AudioWAV/Actor_24/01-01-07-02-01-01-24.wav,disgust,ravdess_train
ravdess/AudioWAV/Actor_24/01-01-04-02-01-02-24.wav,sad,ravdess_train
ravdess/AudioWAV/Actor_24/01-01-04-01-02-02-24.wav,sad,ravdess_train
ravdess/AudioWAV/Actor_24/01-01-07-01-02-01-24.wav,disgust,ravdess_train
ravdess/AudioWAV/Actor_24/01-01-03-01-02-02-24.wav,happy,ravdess_train
ravdess/AudioWAV/Actor_24/01-01-03-02-01-02-24.wav,happy,ravdess_train
ravdess/AudioWAV/Actor_24/01-01-02-01-01-01-24.wav,neutral,ravdess_train
ravdess/AudioWAV/Actor_24/01-01-01-01-01-02-24.wav,neutral,ravdess_train
ravdess/AudioWAV/Actor_24/01-01-02-02-02-01-24.wav,neutral,ravdess_train
ravdess/AudioWAV/Actor_24/01-01-03-01-01-01-24.wav,happy,ravdess_train
ravdess/AudioWAV/Actor_24/01-01-03-02-02-01-24.wav,happy,ravdess_train
ravdess/AudioWAV/Actor_24/01-01-01-01-02-01-24.wav,neutral,ravdess_train
ravdess/AudioWAV/Actor_24/01-01-02-01-02-02-24.wav,neutral,ravdess_train
ravdess/AudioWAV/Actor_24/01-01-02-02-01-02-24.wav,neutral,ravdess_train
ravdess/AudioWAV/Actor_24/01-01-06-02-01-01-24.wav,fearful,ravdess_train
ravdess/AudioWAV/Actor_24/01-01-05-02-01-02-24.wav,angry,ravdess_train
ravdess/AudioWAV/Actor_24/01-01-05-01-02-02-24.wav,angry,ravdess_train
ravdess/AudioWAV/Actor_24/01-01-06-01-02-01-24.wav,fearful,ravdess_train
ravdess/AudioWAV/Actor_24/01-01-04-02-02-01-24.wav,sad,ravdess_train
ravdess/AudioWAV/Actor_24/01-01-07-02-02-02-24.wav,disgust,ravdess_train
ravdess/AudioWAV/Actor_24/01-01-07-01-01-02-24.wav,disgust,ravdess_train
ravdess/AudioWAV/Actor_24/01-01-04-01-01-01-24.wav,sad,ravdess_train
ravdess/AudioWAV/Actor_24/01-01-02-02-02-02-24.wav,neutral,ravdess_train
ravdess/AudioWAV/Actor_24/01-01-01-01-01-01-24.wav,neutral,ravdess_train
ravdess/AudioWAV/Actor_24/01-01-02-01-01-02-24.wav,neutral,ravdess_train
ravdess/AudioWAV/Actor_24/01-01-03-02-01-01-24.wav,happy,ravdess_train
ravdess/AudioWAV/Actor_24/01-01-03-01-02-01-24.wav,happy,ravdess_train
ravdess/AudioWAV/Actor_24/01-01-07-01-02-02-24.wav,disgust,ravdess_train
ravdess/AudioWAV/Actor_24/01-01-04-01-02-01-24.wav,sad,ravdess_train
ravdess/AudioWAV/Actor_24/01-01-04-02-01-01-24.wav,sad,ravdess_train
ravdess/AudioWAV/Actor_24/01-01-07-02-01-02-24.wav,disgust,ravdess_train
ravdess/AudioWAV/Actor_24/01-01-05-01-01-02-24.wav,angry,ravdess_train
ravdess/AudioWAV/Actor_24/01-01-06-01-01-01-24.wav,fearful,ravdess_train
ravdess/AudioWAV/Actor_24/01-01-06-02-02-01-24.wav,fearful,ravdess_train
ravdess/AudioWAV/Actor_24/01-01-05-02-02-02-24.wav,angry,ravdess_train
ravdess/AudioWAV/Actor_24/01-01-04-01-01-02-24.wav,sad,ravdess_train
ravdess/AudioWAV/Actor_24/01-01-07-01-01-01-24.wav,disgust,ravdess_train
ravdess/AudioWAV/Actor_24/01-01-07-02-02-01-24.wav,disgust,ravdess_train
ravdess/AudioWAV/Actor_24/01-01-04-02-02-02-24.wav,sad,ravdess_train
ravdess/AudioWAV/Actor_24/01-01-06-01-02-02-24.wav,fearful,ravdess_train
ravdess/AudioWAV/Actor_24/01-01-05-01-02-01-24.wav,angry,ravdess_train
ravdess/AudioWAV/Actor_24/01-01-05-02-01-01-24.wav,angry,ravdess_train
ravdess/AudioWAV/Actor_24/01-01-06-02-01-02-24.wav,fearful,ravdess_train
ravdess/AudioWAV/Actor_24/01-01-02-02-01-01-24.wav,neutral,ravdess_train
ravdess/AudioWAV/Actor_24/01-01-02-01-02-01-24.wav,neutral,ravdess_train
ravdess/AudioWAV/Actor_24/01-01-01-01-02-02-24.wav,neutral,ravdess_train
ravdess/AudioWAV/Actor_24/01-01-03-02-02-02-24.wav,happy,ravdess_train
ravdess/AudioWAV/Actor_24/01-01-03-01-01-02-24.wav,happy,ravdess_train
ravdess/AudioWAV/Actor_14/01-01-02-02-01-01-14.wav,neutral,ravdess_train
ravdess/AudioWAV/Actor_14/01-01-01-01-02-02-14.wav,neutral,ravdess_train
ravdess/AudioWAV/Actor_14/01-01-02-01-02-01-14.wav,neutral,ravdess_train
ravdess/AudioWAV/Actor_14/01-01-03-02-02-02-14.wav,happy,ravdess_train
ravdess/AudioWAV/Actor_14/01-01-03-01-01-02-14.wav,happy,ravdess_train
ravdess/AudioWAV/Actor_14/01-01-07-01-01-01-14.wav,disgust,ravdess_train
ravdess/AudioWAV/Actor_14/01-01-04-01-01-02-14.wav,sad,ravdess_train
ravdess/AudioWAV/Actor_14/01-01-04-02-02-02-14.wav,sad,ravdess_train
ravdess/AudioWAV/Actor_14/01-01-07-02-02-01-14.wav,disgust,ravdess_train
ravdess/AudioWAV/Actor_14/01-01-05-01-02-01-14.wav,angry,ravdess_train
ravdess/AudioWAV/Actor_14/01-01-06-01-02-02-14.wav,fearful,ravdess_train
ravdess/AudioWAV/Actor_14/01-01-06-02-01-02-14.wav,fearful,ravdess_train
ravdess/AudioWAV/Actor_14/01-01-05-02-01-01-14.wav,angry,ravdess_train
ravdess/AudioWAV/Actor_14/01-01-04-01-02-01-14.wav,sad,ravdess_train
ravdess/AudioWAV/Actor_14/01-01-07-01-02-02-14.wav,disgust,ravdess_train
ravdess/AudioWAV/Actor_14/01-01-07-02-01-02-14.wav,disgust,ravdess_train
ravdess/AudioWAV/Actor_14/01-01-04-02-01-01-14.wav,sad,ravdess_train
ravdess/AudioWAV/Actor_14/01-01-06-01-01-01-14.wav,fearful,ravdess_train
ravdess/AudioWAV/Actor_14/01-01-05-01-01-02-14.wav,angry,ravdess_train
ravdess/AudioWAV/Actor_14/01-01-05-02-02-02-14.wav,angry,ravdess_train
ravdess/AudioWAV/Actor_14/01-01-06-02-02-01-14.wav,fearful,ravdess_train
ravdess/AudioWAV/Actor_14/01-01-02-02-02-02-14.wav,neutral,ravdess_train
ravdess/AudioWAV/Actor_14/01-01-02-01-01-02-14.wav,neutral,ravdess_train
ravdess/AudioWAV/Actor_14/01-01-01-01-01-01-14.wav,neutral,ravdess_train
ravdess/AudioWAV/Actor_14/01-01-03-02-01-01-14.wav,happy,ravdess_train
ravdess/AudioWAV/Actor_14/01-01-03-01-02-01-14.wav,happy,ravdess_train
ravdess/AudioWAV/Actor_14/01-01-05-02-01-02-14.wav,angry,ravdess_train
ravdess/AudioWAV/Actor_14/01-01-06-02-01-01-14.wav,fearful,ravdess_train
ravdess/AudioWAV/Actor_14/01-01-06-01-02-01-14.wav,fearful,ravdess_train
ravdess/AudioWAV/Actor_14/01-01-05-01-02-02-14.wav,angry,ravdess_train
ravdess/AudioWAV/Actor_14/01-01-07-02-02-02-14.wav,disgust,ravdess_train
ravdess/AudioWAV/Actor_14/01-01-04-02-02-01-14.wav,sad,ravdess_train
ravdess/AudioWAV/Actor_14/01-01-04-01-01-01-14.wav,sad,ravdess_train
ravdess/AudioWAV/Actor_14/01-01-07-01-01-02-14.wav,disgust,ravdess_train
ravdess/AudioWAV/Actor_14/01-01-03-01-01-01-14.wav,happy,ravdess_train
ravdess/AudioWAV/Actor_14/01-01-03-02-02-01-14.wav,happy,ravdess_train
ravdess/AudioWAV/Actor_14/01-01-02-01-02-02-14.wav,neutral,ravdess_train
ravdess/AudioWAV/Actor_14/01-01-01-01-02-01-14.wav,neutral,ravdess_train
ravdess/AudioWAV/Actor_14/01-01-02-02-01-02-14.wav,neutral,ravdess_train
ravdess/AudioWAV/Actor_14/01-01-03-01-02-02-14.wav,happy,ravdess_train
ravdess/AudioWAV/Actor_14/01-01-03-02-01-02-14.wav,happy,ravdess_train
ravdess/AudioWAV/Actor_14/01-01-01-01-01-02-14.wav,neutral,ravdess_train
ravdess/AudioWAV/Actor_14/01-01-02-01-01-01-14.wav,neutral,ravdess_train
ravdess/AudioWAV/Actor_14/01-01-02-02-02-01-14.wav,neutral,ravdess_train
ravdess/AudioWAV/Actor_14/01-01-06-02-02-02-14.wav,fearful,ravdess_train
ravdess/AudioWAV/Actor_14/01-01-05-02-02-01-14.wav,angry,ravdess_train
ravdess/AudioWAV/Actor_14/01-01-05-01-01-01-14.wav,angry,ravdess_train
ravdess/AudioWAV/Actor_14/01-01-06-01-01-02-14.wav,fearful,ravdess_train
ravdess/AudioWAV/Actor_14/01-01-04-02-01-02-14.wav,sad,ravdess_train
ravdess/AudioWAV/Actor_14/01-01-07-02-01-01-14.wav,disgust,ravdess_train
ravdess/AudioWAV/Actor_14/01-01-07-01-02-01-14.wav,disgust,ravdess_train
ravdess/AudioWAV/Actor_14/01-01-04-01-02-02-14.wav,sad,ravdess_train
ravdess/AudioWAV/Actor_09/01-01-03-01-02-02-09.wav,happy,ravdess_train
ravdess/AudioWAV/Actor_09/01-01-03-02-01-02-09.wav,happy,ravdess_train
ravdess/AudioWAV/Actor_09/01-01-01-01-01-02-09.wav,neutral,ravdess_train
ravdess/AudioWAV/Actor_09/01-01-02-01-01-01-09.wav,neutral,ravdess_train
ravdess/AudioWAV/Actor_09/01-01-02-02-02-01-09.wav,neutral,ravdess_train
ravdess/AudioWAV/Actor_09/01-01-06-02-02-02-09.wav,fearful,ravdess_train
ravdess/AudioWAV/Actor_09/01-01-05-02-02-01-09.wav,angry,ravdess_train
ravdess/AudioWAV/Actor_09/01-01-05-01-01-01-09.wav,angry,ravdess_train
ravdess/AudioWAV/Actor_09/01-01-06-01-01-02-09.wav,fearful,ravdess_train
ravdess/AudioWAV/Actor_09/01-01-04-02-01-02-09.wav,sad,ravdess_train
ravdess/AudioWAV/Actor_09/01-01-07-02-01-01-09.wav,disgust,ravdess_train
ravdess/AudioWAV/Actor_09/01-01-07-01-02-01-09.wav,disgust,ravdess_train
ravdess/AudioWAV/Actor_09/01-01-04-01-02-02-09.wav,sad,ravdess_train
ravdess/AudioWAV/Actor_09/01-01-05-02-01-02-09.wav,angry,ravdess_train
ravdess/AudioWAV/Actor_09/01-01-06-02-01-01-09.wav,fearful,ravdess_train
ravdess/AudioWAV/Actor_09/01-01-06-01-02-01-09.wav,fearful,ravdess_train
ravdess/AudioWAV/Actor_09/01-01-05-01-02-02-09.wav,angry,ravdess_train
ravdess/AudioWAV/Actor_09/01-01-07-02-02-02-09.wav,disgust,ravdess_train
ravdess/AudioWAV/Actor_09/01-01-04-02-02-01-09.wav,sad,ravdess_train
ravdess/AudioWAV/Actor_09/01-01-04-01-01-01-09.wav,sad,ravdess_train
ravdess/AudioWAV/Actor_09/01-01-07-01-01-02-09.wav,disgust,ravdess_train
ravdess/AudioWAV/Actor_09/01-01-03-01-01-01-09.wav,happy,ravdess_train
ravdess/AudioWAV/Actor_09/01-01-03-02-02-01-09.wav,happy,ravdess_train
ravdess/AudioWAV/Actor_09/01-01-02-01-02-02-09.wav,neutral,ravdess_train
ravdess/AudioWAV/Actor_09/01-01-01-01-02-01-09.wav,neutral,ravdess_train
ravdess/AudioWAV/Actor_09/01-01-02-02-01-02-09.wav,neutral,ravdess_train
ravdess/AudioWAV/Actor_09/01-01-04-01-02-01-09.wav,sad,ravdess_train
ravdess/AudioWAV/Actor_09/01-01-07-01-02-02-09.wav,disgust,ravdess_train
ravdess/AudioWAV/Actor_09/01-01-07-02-01-02-09.wav,disgust,ravdess_train
ravdess/AudioWAV/Actor_09/01-01-04-02-01-01-09.wav,sad,ravdess_train
ravdess/AudioWAV/Actor_09/01-01-06-01-01-01-09.wav,fearful,ravdess_train
ravdess/AudioWAV/Actor_09/01-01-05-01-01-02-09.wav,angry,ravdess_train
ravdess/AudioWAV/Actor_09/01-01-05-02-02-02-09.wav,angry,ravdess_train
ravdess/AudioWAV/Actor_09/01-01-06-02-02-01-09.wav,fearful,ravdess_train
ravdess/AudioWAV/Actor_09/01-01-02-02-02-02-09.wav,neutral,ravdess_train
ravdess/AudioWAV/Actor_09/01-01-02-01-01-02-09.wav,neutral,ravdess_train
ravdess/AudioWAV/Actor_09/01-01-01-01-01-01-09.wav,neutral,ravdess_train
ravdess/AudioWAV/Actor_09/01-01-03-02-01-01-09.wav,happy,ravdess_train
ravdess/AudioWAV/Actor_09/01-01-03-01-02-01-09.wav,happy,ravdess_train
ravdess/AudioWAV/Actor_09/01-01-02-02-01-01-09.wav,neutral,ravdess_train
ravdess/AudioWAV/Actor_09/01-01-01-01-02-02-09.wav,neutral,ravdess_train
ravdess/AudioWAV/Actor_09/01-01-02-01-02-01-09.wav,neutral,ravdess_train
ravdess/AudioWAV/Actor_09/01-01-03-02-02-02-09.wav,happy,ravdess_train
ravdess/AudioWAV/Actor_09/01-01-03-01-01-02-09.wav,happy,ravdess_train
ravdess/AudioWAV/Actor_09/01-01-07-01-01-01-09.wav,disgust,ravdess_train
ravdess/AudioWAV/Actor_09/01-01-04-01-01-02-09.wav,sad,ravdess_train
ravdess/AudioWAV/Actor_09/01-01-04-02-02-02-09.wav,sad,ravdess_train
ravdess/AudioWAV/Actor_09/01-01-07-02-02-01-09.wav,disgust,ravdess_train
ravdess/AudioWAV/Actor_09/01-01-05-01-02-01-09.wav,angry,ravdess_train
ravdess/AudioWAV/Actor_09/01-01-06-01-02-02-09.wav,fearful,ravdess_train
ravdess/AudioWAV/Actor_09/01-01-06-02-01-02-09.wav,fearful,ravdess_train
ravdess/AudioWAV/Actor_09/01-01-05-02-01-01-09.wav,angry,ravdess_train
ravdess/AudioWAV/Actor_07/01-01-05-02-01-01-07.wav,angry,ravdess_train
ravdess/AudioWAV/Actor_07/01-01-06-02-01-02-07.wav,fearful,ravdess_train
ravdess/AudioWAV/Actor_07/01-01-06-01-02-02-07.wav,fearful,ravdess_train
ravdess/AudioWAV/Actor_07/01-01-05-01-02-01-07.wav,angry,ravdess_train
ravdess/AudioWAV/Actor_07/01-01-07-02-02-01-07.wav,disgust,ravdess_train
ravdess/AudioWAV/Actor_07/01-01-04-02-02-02-07.wav,sad,ravdess_train
ravdess/AudioWAV/Actor_07/01-01-04-01-01-02-07.wav,sad,ravdess_train
ravdess/AudioWAV/Actor_07/01-01-07-01-01-01-07.wav,disgust,ravdess_train
ravdess/AudioWAV/Actor_07/01-01-03-01-01-02-07.wav,happy,ravdess_train
ravdess/AudioWAV/Actor_07/01-01-03-02-02-02-07.wav,happy,ravdess_train
ravdess/AudioWAV/Actor_07/01-01-02-01-02-01-07.wav,neutral,ravdess_train
ravdess/AudioWAV/Actor_07/01-01-01-01-02-02-07.wav,neutral,ravdess_train
ravdess/AudioWAV/Actor_07/01-01-02-02-01-01-07.wav,neutral,ravdess_train
ravdess/AudioWAV/Actor_07/01-01-03-01-02-01-07.wav,happy,ravdess_train
ravdess/AudioWAV/Actor_07/01-01-03-02-01-01-07.wav,happy,ravdess_train
ravdess/AudioWAV/Actor_07/01-01-01-01-01-01-07.wav,neutral,ravdess_train
ravdess/AudioWAV/Actor_07/01-01-02-01-01-02-07.wav,neutral,ravdess_train
ravdess/AudioWAV/Actor_07/01-01-02-02-02-02-07.wav,neutral,ravdess_train
ravdess/AudioWAV/Actor_07/01-01-06-02-02-01-07.wav,fearful,ravdess_train
ravdess/AudioWAV/Actor_07/01-01-05-02-02-02-07.wav,angry,ravdess_train
ravdess/AudioWAV/Actor_07/01-01-05-01-01-02-07.wav,angry,ravdess_train
ravdess/AudioWAV/Actor_07/01-01-06-01-01-01-07.wav,fearful,ravdess_train
ravdess/AudioWAV/Actor_07/01-01-04-02-01-01-07.wav,sad,ravdess_train
ravdess/AudioWAV/Actor_07/01-01-07-02-01-02-07.wav,disgust,ravdess_train
ravdess/AudioWAV/Actor_07/01-01-07-01-02-02-07.wav,disgust,ravdess_train
ravdess/AudioWAV/Actor_07/01-01-04-01-02-01-07.wav,sad,ravdess_train
ravdess/AudioWAV/Actor_07/01-01-02-02-01-02-07.wav,neutral,ravdess_train
ravdess/AudioWAV/Actor_07/01-01-01-01-02-01-07.wav,neutral,ravdess_train
ravdess/AudioWAV/Actor_07/01-01-02-01-02-02-07.wav,neutral,ravdess_train
ravdess/AudioWAV/Actor_07/01-01-03-02-02-01-07.wav,happy,ravdess_train
ravdess/AudioWAV/Actor_07/01-01-03-01-01-01-07.wav,happy,ravdess_train
ravdess/AudioWAV/Actor_07/01-01-07-01-01-02-07.wav,disgust,ravdess_train
ravdess/AudioWAV/Actor_07/01-01-04-01-01-01-07.wav,sad,ravdess_train
ravdess/AudioWAV/Actor_07/01-01-04-02-02-01-07.wav,sad,ravdess_train
ravdess/AudioWAV/Actor_07/01-01-07-02-02-02-07.wav,disgust,ravdess_train
ravdess/AudioWAV/Actor_07/01-01-05-01-02-02-07.wav,angry,ravdess_train
ravdess/AudioWAV/Actor_07/01-01-06-01-02-01-07.wav,fearful,ravdess_train
ravdess/AudioWAV/Actor_07/01-01-06-02-01-01-07.wav,fearful,ravdess_train
ravdess/AudioWAV/Actor_07/01-01-05-02-01-02-07.wav,angry,ravdess_train
ravdess/AudioWAV/Actor_07/01-01-04-01-02-02-07.wav,sad,ravdess_train
ravdess/AudioWAV/Actor_07/01-01-07-01-02-01-07.wav,disgust,ravdess_train
ravdess/AudioWAV/Actor_07/01-01-07-02-01-01-07.wav,disgust,ravdess_train
ravdess/AudioWAV/Actor_07/01-01-04-02-01-02-07.wav,sad,ravdess_train
ravdess/AudioWAV/Actor_07/01-01-06-01-01-02-07.wav,fearful,ravdess_train
ravdess/AudioWAV/Actor_07/01-01-05-01-01-01-07.wav,angry,ravdess_train
ravdess/AudioWAV/Actor_07/01-01-05-02-02-01-07.wav,angry,ravdess_train
ravdess/AudioWAV/Actor_07/01-01-06-02-02-02-07.wav,fearful,ravdess_train
ravdess/AudioWAV/Actor_07/01-01-02-02-02-01-07.wav,neutral,ravdess_train
ravdess/AudioWAV/Actor_07/01-01-02-01-01-01-07.wav,neutral,ravdess_train
ravdess/AudioWAV/Actor_07/01-01-01-01-01-02-07.wav,neutral,ravdess_train
ravdess/AudioWAV/Actor_07/01-01-03-02-01-02-07.wav,happy,ravdess_train
ravdess/AudioWAV/Actor_07/01-01-03-01-02-02-07.wav,happy,ravdess_train
ravdess/AudioWAV/Actor_06/01-01-07-01-01-01-06.wav,disgust,ravdess_train
ravdess/AudioWAV/Actor_06/01-01-04-01-01-02-06.wav,sad,ravdess_train
ravdess/AudioWAV/Actor_06/01-01-04-02-02-02-06.wav,sad,ravdess_train
ravdess/AudioWAV/Actor_06/01-01-07-02-02-01-06.wav,disgust,ravdess_train
ravdess/AudioWAV/Actor_06/01-01-05-01-02-01-06.wav,angry,ravdess_train
ravdess/AudioWAV/Actor_06/01-01-06-01-02-02-06.wav,fearful,ravdess_train
ravdess/AudioWAV/Actor_06/01-01-06-02-01-02-06.wav,fearful,ravdess_train
ravdess/AudioWAV/Actor_06/01-01-05-02-01-01-06.wav,angry,ravdess_train
ravdess/AudioWAV/Actor_06/01-01-02-02-01-01-06.wav,neutral,ravdess_train
ravdess/AudioWAV/Actor_06/01-01-01-01-02-02-06.wav,neutral,ravdess_train
ravdess/AudioWAV/Actor_06/01-01-02-01-02-01-06.wav,neutral,ravdess_train
ravdess/AudioWAV/Actor_06/01-01-03-02-02-02-06.wav,happy,ravdess_train
ravdess/AudioWAV/Actor_06/01-01-03-01-01-02-06.wav,happy,ravdess_train
ravdess/AudioWAV/Actor_06/01-01-02-02-02-02-06.wav,neutral,ravdess_train
ravdess/AudioWAV/Actor_06/01-01-02-01-01-02-06.wav,neutral,ravdess_train
ravdess/AudioWAV/Actor_06/01-01-01-01-01-01-06.wav,neutral,ravdess_train
ravdess/AudioWAV/Actor_06/01-01-03-02-01-01-06.wav,happy,ravdess_train
ravdess/AudioWAV/Actor_06/01-01-03-01-02-01-06.wav,happy,ravdess_train
ravdess/AudioWAV/Actor_06/01-01-04-01-02-01-06.wav,sad,ravdess_train
ravdess/AudioWAV/Actor_06/01-01-07-01-02-02-06.wav,disgust,ravdess_train
ravdess/AudioWAV/Actor_06/01-01-07-02-01-02-06.wav,disgust,ravdess_train
ravdess/AudioWAV/Actor_06/01-01-04-02-01-01-06.wav,sad,ravdess_train
ravdess/AudioWAV/Actor_06/01-01-06-01-01-01-06.wav,fearful,ravdess_train
ravdess/AudioWAV/Actor_06/01-01-05-01-01-02-06.wav,angry,ravdess_train
ravdess/AudioWAV/Actor_06/01-01-05-02-02-02-06.wav,angry,ravdess_train
ravdess/AudioWAV/Actor_06/01-01-06-02-02-01-06.wav,fearful,ravdess_train
ravdess/AudioWAV/Actor_06/01-01-03-01-01-01-06.wav,happy,ravdess_train
ravdess/AudioWAV/Actor_06/01-01-03-02-02-01-06.wav,happy,ravdess_train
ravdess/AudioWAV/Actor_06/01-01-02-01-02-02-06.wav,neutral,ravdess_train
ravdess/AudioWAV/Actor_06/01-01-01-01-02-01-06.wav,neutral,ravdess_train
ravdess/AudioWAV/Actor_06/01-01-02-02-01-02-06.wav,neutral,ravdess_train
ravdess/AudioWAV/Actor_06/01-01-05-02-01-02-06.wav,angry,ravdess_train
ravdess/AudioWAV/Actor_06/01-01-06-02-01-01-06.wav,fearful,ravdess_train
ravdess/AudioWAV/Actor_06/01-01-06-01-02-01-06.wav,fearful,ravdess_train
ravdess/AudioWAV/Actor_06/01-01-05-01-02-02-06.wav,angry,ravdess_train
ravdess/AudioWAV/Actor_06/01-01-07-02-02-02-06.wav,disgust,ravdess_train
ravdess/AudioWAV/Actor_06/01-01-04-02-02-01-06.wav,sad,ravdess_train
ravdess/AudioWAV/Actor_06/01-01-04-01-01-01-06.wav,sad,ravdess_train
ravdess/AudioWAV/Actor_06/01-01-07-01-01-02-06.wav,disgust,ravdess_train
ravdess/AudioWAV/Actor_06/01-01-06-02-02-02-06.wav,fearful,ravdess_train
ravdess/AudioWAV/Actor_06/01-01-05-02-02-01-06.wav,angry,ravdess_train
ravdess/AudioWAV/Actor_06/01-01-05-01-01-01-06.wav,angry,ravdess_train
ravdess/AudioWAV/Actor_06/01-01-06-01-01-02-06.wav,fearful,ravdess_train
ravdess/AudioWAV/Actor_06/01-01-04-02-01-02-06.wav,sad,ravdess_train
ravdess/AudioWAV/Actor_06/01-01-07-02-01-01-06.wav,disgust,ravdess_train
ravdess/AudioWAV/Actor_06/01-01-07-01-02-01-06.wav,disgust,ravdess_train
ravdess/AudioWAV/Actor_06/01-01-04-01-02-02-06.wav,sad,ravdess_train
ravdess/AudioWAV/Actor_06/01-01-03-01-02-02-06.wav,happy,ravdess_train
ravdess/AudioWAV/Actor_06/01-01-03-02-01-02-06.wav,happy,ravdess_train
ravdess/AudioWAV/Actor_06/01-01-01-01-01-02-06.wav,neutral,ravdess_train
ravdess/AudioWAV/Actor_06/01-01-02-01-01-01-06.wav,neutral,ravdess_train
ravdess/AudioWAV/Actor_06/01-01-02-02-02-01-06.wav,neutral,ravdess_train
ravdess/AudioWAV/Actor_01/01-01-03-01-01-02-01.wav,happy,ravdess_train
ravdess/AudioWAV/Actor_01/01-01-03-02-02-02-01.wav,happy,ravdess_train
ravdess/AudioWAV/Actor_01/01-01-01-01-02-02-01.wav,neutral,ravdess_train
ravdess/AudioWAV/Actor_01/01-01-02-01-02-01-01.wav,neutral,ravdess_train
ravdess/AudioWAV/Actor_01/01-01-02-02-01-01-01.wav,neutral,ravdess_train
ravdess/AudioWAV/Actor_01/01-01-06-02-01-02-01.wav,fearful,ravdess_train
ravdess/AudioWAV/Actor_01/01-01-05-02-01-01-01.wav,angry,ravdess_train
ravdess/AudioWAV/Actor_01/01-01-05-01-02-01-01.wav,angry,ravdess_train
ravdess/AudioWAV/Actor_01/01-01-06-01-02-02-01.wav,fearful,ravdess_train
ravdess/AudioWAV/Actor_01/01-01-04-02-02-02-01.wav,sad,ravdess_train
ravdess/AudioWAV/Actor_01/01-01-07-02-02-01-01.wav,disgust,ravdess_train
ravdess/AudioWAV/Actor_01/01-01-07-01-01-01-01.wav,disgust,ravdess_train
ravdess/AudioWAV/Actor_01/01-01-04-01-01-02-01.wav,sad,ravdess_train
ravdess/AudioWAV/Actor_01/01-01-05-02-02-02-01.wav,angry,ravdess_train
ravdess/AudioWAV/Actor_01/01-01-06-02-02-01-01.wav,fearful,ravdess_train
ravdess/AudioWAV/Actor_01/01-01-06-01-01-01-01.wav,fearful,ravdess_train
ravdess/AudioWAV/Actor_01/01-01-05-01-01-02-01.wav,angry,ravdess_train
ravdess/AudioWAV/Actor_01/01-01-07-02-01-02-01.wav,disgust,ravdess_train
ravdess/AudioWAV/Actor_01/01-01-04-02-01-01-01.wav,sad,ravdess_train
ravdess/AudioWAV/Actor_01/01-01-04-01-02-01-01.wav,sad,ravdess_train
ravdess/AudioWAV/Actor_01/01-01-07-01-02-02-01.wav,disgust,ravdess_train
ravdess/AudioWAV/Actor_01/01-01-03-01-02-01-01.wav,happy,ravdess_train
ravdess/AudioWAV/Actor_01/01-01-03-02-01-01-01.wav,happy,ravdess_train
ravdess/AudioWAV/Actor_01/01-01-02-01-01-02-01.wav,neutral,ravdess_train
ravdess/AudioWAV/Actor_01/01-01-01-01-01-01-01.wav,neutral,ravdess_train
ravdess/AudioWAV/Actor_01/01-01-02-02-02-02-01.wav,neutral,ravdess_train
ravdess/AudioWAV/Actor_01/01-01-04-01-01-01-01.wav,sad,ravdess_train
ravdess/AudioWAV/Actor_01/01-01-07-01-01-02-01.wav,disgust,ravdess_train
ravdess/AudioWAV/Actor_01/01-01-07-02-02-02-01.wav,disgust,ravdess_train
ravdess/AudioWAV/Actor_01/01-01-04-02-02-01-01.wav,sad,ravdess_train
ravdess/AudioWAV/Actor_01/01-01-06-01-02-01-01.wav,fearful,ravdess_train
ravdess/AudioWAV/Actor_01/01-01-05-01-02-02-01.wav,angry,ravdess_train
ravdess/AudioWAV/Actor_01/01-01-05-02-01-02-01.wav,angry,ravdess_train
ravdess/AudioWAV/Actor_01/01-01-06-02-01-01-01.wav,fearful,ravdess_train
ravdess/AudioWAV/Actor_01/01-01-02-02-01-02-01.wav,neutral,ravdess_train
ravdess/AudioWAV/Actor_01/01-01-02-01-02-02-01.wav,neutral,ravdess_train
ravdess/AudioWAV/Actor_01/01-01-01-01-02-01-01.wav,neutral,ravdess_train
ravdess/AudioWAV/Actor_01/01-01-03-02-02-01-01.wav,happy,ravdess_train
ravdess/AudioWAV/Actor_01/01-01-03-01-01-01-01.wav,happy,ravdess_train
ravdess/AudioWAV/Actor_01/01-01-02-02-02-01-01.wav,neutral,ravdess_train
ravdess/AudioWAV/Actor_01/01-01-01-01-01-02-01.wav,neutral,ravdess_train
ravdess/AudioWAV/Actor_01/01-01-02-01-01-01-01.wav,neutral,ravdess_train
ravdess/AudioWAV/Actor_01/01-01-03-02-01-02-01.wav,happy,ravdess_train
ravdess/AudioWAV/Actor_01/01-01-03-01-02-02-01.wav,happy,ravdess_train
ravdess/AudioWAV/Actor_01/01-01-07-01-02-01-01.wav,disgust,ravdess_train
ravdess/AudioWAV/Actor_01/01-01-04-01-02-02-01.wav,sad,ravdess_train
ravdess/AudioWAV/Actor_01/01-01-04-02-01-02-01.wav,sad,ravdess_train
ravdess/AudioWAV/Actor_01/01-01-07-02-01-01-01.wav,disgust,ravdess_train
ravdess/AudioWAV/Actor_01/01-01-05-01-01-01-01.wav,angry,ravdess_train
ravdess/AudioWAV/Actor_01/01-01-06-01-01-02-01.wav,fearful,ravdess_train
ravdess/AudioWAV/Actor_01/01-01-06-02-02-02-01.wav,fearful,ravdess_train
ravdess/AudioWAV/Actor_01/01-01-05-02-02-01-01.wav,angry,ravdess_train
ravdess/AudioWAV/Actor_08/01-01-02-02-02-01-08.wav,neutral,ravdess_train
ravdess/AudioWAV/Actor_08/01-01-02-01-01-01-08.wav,neutral,ravdess_train
ravdess/AudioWAV/Actor_08/01-01-01-01-01-02-08.wav,neutral,ravdess_train
ravdess/AudioWAV/Actor_08/01-01-03-02-01-02-08.wav,happy,ravdess_train
ravdess/AudioWAV/Actor_08/01-01-03-01-02-02-08.wav,happy,ravdess_train
ravdess/AudioWAV/Actor_08/01-01-04-01-02-02-08.wav,sad,ravdess_train
ravdess/AudioWAV/Actor_08/01-01-07-01-02-01-08.wav,disgust,ravdess_train
ravdess/AudioWAV/Actor_08/01-01-07-02-01-01-08.wav,disgust,ravdess_train
ravdess/AudioWAV/Actor_08/01-01-04-02-01-02-08.wav,sad,ravdess_train
ravdess/AudioWAV/Actor_08/01-01-06-01-01-02-08.wav,fearful,ravdess_train
ravdess/AudioWAV/Actor_08/01-01-05-01-01-01-08.wav,angry,ravdess_train
ravdess/AudioWAV/Actor_08/01-01-05-02-02-01-08.wav,angry,ravdess_train
ravdess/AudioWAV/Actor_08/01-01-06-02-02-02-08.wav,fearful,ravdess_train
ravdess/AudioWAV/Actor_08/01-01-07-01-01-02-08.wav,disgust,ravdess_train
ravdess/AudioWAV/Actor_08/01-01-04-01-01-01-08.wav,sad,ravdess_train
ravdess/AudioWAV/Actor_08/01-01-04-02-02-01-08.wav,sad,ravdess_train
ravdess/AudioWAV/Actor_08/01-01-07-02-02-02-08.wav,disgust,ravdess_train
ravdess/AudioWAV/Actor_08/01-01-05-01-02-02-08.wav,angry,ravdess_train
ravdess/AudioWAV/Actor_08/01-01-06-01-02-01-08.wav,fearful,ravdess_train
ravdess/AudioWAV/Actor_08/01-01-06-02-01-01-08.wav,fearful,ravdess_train
ravdess/AudioWAV/Actor_08/01-01-05-02-01-02-08.wav,angry,ravdess_train
ravdess/AudioWAV/Actor_08/01-01-02-02-01-02-08.wav,neutral,ravdess_train
ravdess/AudioWAV/Actor_08/01-01-01-01-02-01-08.wav,neutral,ravdess_train
ravdess/AudioWAV/Actor_08/01-01-02-01-02-02-08.wav,neutral,ravdess_train
ravdess/AudioWAV/Actor_08/01-01-03-02-02-01-08.wav,happy,ravdess_train
ravdess/AudioWAV/Actor_08/01-01-03-01-01-01-08.wav,happy,ravdess_train
ravdess/AudioWAV/Actor_08/01-01-06-02-02-01-08.wav,fearful,ravdess_train
ravdess/AudioWAV/Actor_08/01-01-05-02-02-02-08.wav,angry,ravdess_train
ravdess/AudioWAV/Actor_08/01-01-05-01-01-02-08.wav,angry,ravdess_train
ravdess/AudioWAV/Actor_08/01-01-06-01-01-01-08.wav,fearful,ravdess_train
ravdess/AudioWAV/Actor_08/01-01-04-02-01-01-08.wav,sad,ravdess_train
ravdess/AudioWAV/Actor_08/01-01-07-02-01-02-08.wav,disgust,ravdess_train
ravdess/AudioWAV/Actor_08/01-01-07-01-02-02-08.wav,disgust,ravdess_train
ravdess/AudioWAV/Actor_08/01-01-04-01-02-01-08.wav,sad,ravdess_train
ravdess/AudioWAV/Actor_08/01-01-03-01-02-01-08.wav,happy,ravdess_train
ravdess/AudioWAV/Actor_08/01-01-03-02-01-01-08.wav,happy,ravdess_train
ravdess/AudioWAV/Actor_08/01-01-01-01-01-01-08.wav,neutral,ravdess_train
ravdess/AudioWAV/Actor_08/01-01-02-01-01-02-08.wav,neutral,ravdess_train
ravdess/AudioWAV/Actor_08/01-01-02-02-02-02-08.wav,neutral,ravdess_train
ravdess/AudioWAV/Actor_08/01-01-03-01-01-02-08.wav,happy,ravdess_train
ravdess/AudioWAV/Actor_08/01-01-03-02-02-02-08.wav,happy,ravdess_train
ravdess/AudioWAV/Actor_08/01-01-02-01-02-01-08.wav,neutral,ravdess_train
ravdess/AudioWAV/Actor_08/01-01-01-01-02-02-08.wav,neutral,ravdess_train
ravdess/AudioWAV/Actor_08/01-01-02-02-01-01-08.wav,neutral,ravdess_train
ravdess/AudioWAV/Actor_08/01-01-05-02-01-01-08.wav,angry,ravdess_train
ravdess/AudioWAV/Actor_08/01-01-06-02-01-02-08.wav,fearful,ravdess_train
ravdess/AudioWAV/Actor_08/01-01-06-01-02-02-08.wav,fearful,ravdess_train
ravdess/AudioWAV/Actor_08/01-01-05-01-02-01-08.wav,angry,ravdess_train
ravdess/AudioWAV/Actor_08/01-01-07-02-02-01-08.wav,disgust,ravdess_train
ravdess/AudioWAV/Actor_08/01-01-04-02-02-02-08.wav,sad,ravdess_train
ravdess/AudioWAV/Actor_08/01-01-04-01-01-02-08.wav,sad,ravdess_train
ravdess/AudioWAV/Actor_08/01-01-07-01-01-01-08.wav,disgust,ravdess_train
ravdess/AudioWAV/Actor_04/01-01-06-02-01-02-04.wav,fearful,ravdess_test
ravdess/AudioWAV/Actor_04/01-01-05-02-01-01-04.wav,angry,ravdess_test
ravdess/AudioWAV/Actor_04/01-01-05-01-02-01-04.wav,angry,ravdess_test
ravdess/AudioWAV/Actor_04/01-01-06-01-02-02-04.wav,fearful,ravdess_test
ravdess/AudioWAV/Actor_04/01-01-04-02-02-02-04.wav,sad,ravdess_test
ravdess/AudioWAV/Actor_04/01-01-07-02-02-01-04.wav,disgust,ravdess_test
ravdess/AudioWAV/Actor_04/01-01-07-01-01-01-04.wav,disgust,ravdess_test
ravdess/AudioWAV/Actor_04/01-01-04-01-01-02-04.wav,sad,ravdess_test
ravdess/AudioWAV/Actor_04/01-01-03-01-01-02-04.wav,happy,ravdess_test
ravdess/AudioWAV/Actor_04/01-01-03-02-02-02-04.wav,happy,ravdess_test
ravdess/AudioWAV/Actor_04/01-01-01-01-02-02-04.wav,neutral,ravdess_test
ravdess/AudioWAV/Actor_04/01-01-02-01-02-01-04.wav,neutral,ravdess_test
ravdess/AudioWAV/Actor_04/01-01-02-02-01-01-04.wav,neutral,ravdess_test
ravdess/AudioWAV/Actor_04/01-01-03-01-02-01-04.wav,happy,ravdess_test
ravdess/AudioWAV/Actor_04/01-01-03-02-01-01-04.wav,happy,ravdess_test
ravdess/AudioWAV/Actor_04/01-01-02-01-01-02-04.wav,neutral,ravdess_test
ravdess/AudioWAV/Actor_04/01-01-01-01-01-01-04.wav,neutral,ravdess_test
ravdess/AudioWAV/Actor_04/01-01-02-02-02-02-04.wav,neutral,ravdess_test
ravdess/AudioWAV/Actor_04/01-01-05-02-02-02-04.wav,angry,ravdess_test
ravdess/AudioWAV/Actor_04/01-01-06-02-02-01-04.wav,fearful,ravdess_test
ravdess/AudioWAV/Actor_04/01-01-06-01-01-01-04.wav,fearful,ravdess_test
ravdess/AudioWAV/Actor_04/01-01-05-01-01-02-04.wav,angry,ravdess_test
ravdess/AudioWAV/Actor_04/01-01-07-02-01-02-04.wav,disgust,ravdess_test
ravdess/AudioWAV/Actor_04/01-01-04-02-01-01-04.wav,sad,ravdess_test
ravdess/AudioWAV/Actor_04/01-01-04-01-02-01-04.wav,sad,ravdess_test
ravdess/AudioWAV/Actor_04/01-01-07-01-02-02-04.wav,disgust,ravdess_test
ravdess/AudioWAV/Actor_04/01-01-02-02-01-02-04.wav,neutral,ravdess_test
ravdess/AudioWAV/Actor_04/01-01-02-01-02-02-04.wav,neutral,ravdess_test
ravdess/AudioWAV/Actor_04/01-01-01-01-02-01-04.wav,neutral,ravdess_test
ravdess/AudioWAV/Actor_04/01-01-03-02-02-01-04.wav,happy,ravdess_test
ravdess/AudioWAV/Actor_04/01-01-03-01-01-01-04.wav,happy,ravdess_test
ravdess/AudioWAV/Actor_04/01-01-04-01-01-01-04.wav,sad,ravdess_test
ravdess/AudioWAV/Actor_04/01-01-07-01-01-02-04.wav,disgust,ravdess_test
ravdess/AudioWAV/Actor_04/01-01-07-02-02-02-04.wav,disgust,ravdess_test
ravdess/AudioWAV/Actor_04/01-01-04-02-02-01-04.wav,sad,ravdess_test
ravdess/AudioWAV/Actor_04/01-01-06-01-02-01-04.wav,fearful,ravdess_test
ravdess/AudioWAV/Actor_04/01-01-05-01-02-02-04.wav,angry,ravdess_test
ravdess/AudioWAV/Actor_04/01-01-05-02-01-02-04.wav,angry,ravdess_test
ravdess/AudioWAV/Actor_04/01-01-06-02-01-01-04.wav,fearful,ravdess_test
ravdess/AudioWAV/Actor_04/01-01-07-01-02-01-04.wav,disgust,ravdess_test
ravdess/AudioWAV/Actor_04/01-01-04-01-02-02-04.wav,sad,ravdess_test
ravdess/AudioWAV/Actor_04/01-01-04-02-01-02-04.wav,sad,ravdess_test
ravdess/AudioWAV/Actor_04/01-01-07-02-01-01-04.wav,disgust,ravdess_test
ravdess/AudioWAV/Actor_04/01-01-05-01-01-01-04.wav,angry,ravdess_test
ravdess/AudioWAV/Actor_04/01-01-06-01-01-02-04.wav,fearful,ravdess_test
ravdess/AudioWAV/Actor_04/01-01-06-02-02-02-04.wav,fearful,ravdess_test
ravdess/AudioWAV/Actor_04/01-01-05-02-02-01-04.wav,angry,ravdess_test
ravdess/AudioWAV/Actor_04/01-01-02-02-02-01-04.wav,neutral,ravdess_test
ravdess/AudioWAV/Actor_04/01-01-01-01-01-02-04.wav,neutral,ravdess_test
ravdess/AudioWAV/Actor_04/01-01-02-01-01-01-04.wav,neutral,ravdess_test
ravdess/AudioWAV/Actor_04/01-01-03-02-01-02-04.wav,happy,ravdess_test
ravdess/AudioWAV/Actor_04/01-01-03-01-02-02-04.wav,happy,ravdess_test
ravdess/AudioWAV/Actor_22/01-01-03-01-02-02-22.wav,happy,ravdess_test
ravdess/AudioWAV/Actor_22/01-01-03-02-01-02-22.wav,happy,ravdess_test
ravdess/AudioWAV/Actor_22/01-01-01-01-01-02-22.wav,neutral,ravdess_test
ravdess/AudioWAV/Actor_22/01-01-02-01-01-01-22.wav,neutral,ravdess_test
ravdess/AudioWAV/Actor_22/01-01-02-02-02-01-22.wav,neutral,ravdess_test
ravdess/AudioWAV/Actor_22/01-01-06-02-02-02-22.wav,fearful,ravdess_test
ravdess/AudioWAV/Actor_22/01-01-05-02-02-01-22.wav,angry,ravdess_test
ravdess/AudioWAV/Actor_22/01-01-05-01-01-01-22.wav,angry,ravdess_test
ravdess/AudioWAV/Actor_22/01-01-06-01-01-02-22.wav,fearful,ravdess_test
ravdess/AudioWAV/Actor_22/01-01-04-02-01-02-22.wav,sad,ravdess_test
ravdess/AudioWAV/Actor_22/01-01-07-02-01-01-22.wav,disgust,ravdess_test
ravdess/AudioWAV/Actor_22/01-01-07-01-02-01-22.wav,disgust,ravdess_test
ravdess/AudioWAV/Actor_22/01-01-04-01-02-02-22.wav,sad,ravdess_test
ravdess/AudioWAV/Actor_22/01-01-05-02-01-02-22.wav,angry,ravdess_test
ravdess/AudioWAV/Actor_22/01-01-06-02-01-01-22.wav,fearful,ravdess_test
ravdess/AudioWAV/Actor_22/01-01-06-01-02-01-22.wav,fearful,ravdess_test
ravdess/AudioWAV/Actor_22/01-01-05-01-02-02-22.wav,angry,ravdess_test
ravdess/AudioWAV/Actor_22/01-01-07-02-02-02-22.wav,disgust,ravdess_test
ravdess/AudioWAV/Actor_22/01-01-04-02-02-01-22.wav,sad,ravdess_test
ravdess/AudioWAV/Actor_22/01-01-04-01-01-01-22.wav,sad,ravdess_test
ravdess/AudioWAV/Actor_22/01-01-07-01-01-02-22.wav,disgust,ravdess_test
ravdess/AudioWAV/Actor_22/01-01-03-01-01-01-22.wav,happy,ravdess_test
ravdess/AudioWAV/Actor_22/01-01-03-02-02-01-22.wav,happy,ravdess_test
ravdess/AudioWAV/Actor_22/01-01-02-01-02-02-22.wav,neutral,ravdess_test
ravdess/AudioWAV/Actor_22/01-01-01-01-02-01-22.wav,neutral,ravdess_test
ravdess/AudioWAV/Actor_22/01-01-02-02-01-02-22.wav,neutral,ravdess_test
ravdess/AudioWAV/Actor_22/01-01-04-01-02-01-22.wav,sad,ravdess_test
ravdess/AudioWAV/Actor_22/01-01-07-01-02-02-22.wav,disgust,ravdess_test
ravdess/AudioWAV/Actor_22/01-01-07-02-01-02-22.wav,disgust,ravdess_test
ravdess/AudioWAV/Actor_22/01-01-04-02-01-01-22.wav,sad,ravdess_test
ravdess/AudioWAV/Actor_22/01-01-06-01-01-01-22.wav,fearful,ravdess_test
ravdess/AudioWAV/Actor_22/01-01-05-01-01-02-22.wav,angry,ravdess_test
ravdess/AudioWAV/Actor_22/01-01-05-02-02-02-22.wav,angry,ravdess_test
ravdess/AudioWAV/Actor_22/01-01-06-02-02-01-22.wav,fearful,ravdess_test
ravdess/AudioWAV/Actor_22/01-01-02-02-02-02-22.wav,neutral,ravdess_test
ravdess/AudioWAV/Actor_22/01-01-02-01-01-02-22.wav,neutral,ravdess_test
ravdess/AudioWAV/Actor_22/01-01-01-01-01-01-22.wav,neutral,ravdess_test
ravdess/AudioWAV/Actor_22/01-01-03-02-01-01-22.wav,happy,ravdess_test
ravdess/AudioWAV/Actor_22/01-01-03-01-02-01-22.wav,happy,ravdess_test
ravdess/AudioWAV/Actor_22/01-01-02-02-01-01-22.wav,neutral,ravdess_test
ravdess/AudioWAV/Actor_22/01-01-01-01-02-02-22.wav,neutral,ravdess_test
ravdess/AudioWAV/Actor_22/01-01-02-01-02-01-22.wav,neutral,ravdess_test
ravdess/AudioWAV/Actor_22/01-01-03-02-02-02-22.wav,happy,ravdess_test
ravdess/AudioWAV/Actor_22/01-01-03-01-01-02-22.wav,happy,ravdess_test
ravdess/AudioWAV/Actor_22/01-01-07-01-01-01-22.wav,disgust,ravdess_test
ravdess/AudioWAV/Actor_22/01-01-04-01-01-02-22.wav,sad,ravdess_test
ravdess/AudioWAV/Actor_22/01-01-04-02-02-02-22.wav,sad,ravdess_test
ravdess/AudioWAV/Actor_22/01-01-07-02-02-01-22.wav,disgust,ravdess_test
ravdess/AudioWAV/Actor_22/01-01-05-01-02-01-22.wav,angry,ravdess_test
ravdess/AudioWAV/Actor_22/01-01-06-01-02-02-22.wav,fearful,ravdess_test
ravdess/AudioWAV/Actor_22/01-01-06-02-01-02-22.wav,fearful,ravdess_test
ravdess/AudioWAV/Actor_22/01-01-05-02-01-01-22.wav,angry,ravdess_test
ravdess/AudioWAV/Actor_16/01-01-03-01-01-02-16.wav,happy,ravdess_validation
ravdess/AudioWAV/Actor_16/01-01-03-02-02-02-16.wav,happy,ravdess_validation
ravdess/AudioWAV/Actor_16/01-01-01-01-02-02-16.wav,neutral,ravdess_validation
ravdess/AudioWAV/Actor_16/01-01-02-01-02-01-16.wav,neutral,ravdess_validation
ravdess/AudioWAV/Actor_16/01-01-02-02-01-01-16.wav,neutral,ravdess_validation
ravdess/AudioWAV/Actor_16/01-01-06-02-01-02-16.wav,fearful,ravdess_validation
ravdess/AudioWAV/Actor_16/01-01-05-02-01-01-16.wav,angry,ravdess_validation
ravdess/AudioWAV/Actor_16/01-01-05-01-02-01-16.wav,angry,ravdess_validation
ravdess/AudioWAV/Actor_16/01-01-06-01-02-02-16.wav,fearful,ravdess_validation
ravdess/AudioWAV/Actor_16/01-01-04-02-02-02-16.wav,sad,ravdess_validation
ravdess/AudioWAV/Actor_16/01-01-07-02-02-01-16.wav,disgust,ravdess_validation
ravdess/AudioWAV/Actor_16/01-01-07-01-01-01-16.wav,disgust,ravdess_validation
ravdess/AudioWAV/Actor_16/01-01-04-01-01-02-16.wav,sad,ravdess_validation
ravdess/AudioWAV/Actor_16/01-01-05-02-02-02-16.wav,angry,ravdess_validation
ravdess/AudioWAV/Actor_16/01-01-06-02-02-01-16.wav,fearful,ravdess_validation
ravdess/AudioWAV/Actor_16/01-01-06-01-01-01-16.wav,fearful,ravdess_validation
ravdess/AudioWAV/Actor_16/01-01-05-01-01-02-16.wav,angry,ravdess_validation
ravdess/AudioWAV/Actor_16/01-01-07-02-01-02-16.wav,disgust,ravdess_validation
ravdess/AudioWAV/Actor_16/01-01-04-02-01-01-16.wav,sad,ravdess_validation
ravdess/AudioWAV/Actor_16/01-01-04-01-02-01-16.wav,sad,ravdess_validation
ravdess/AudioWAV/Actor_16/01-01-07-01-02-02-16.wav,disgust,ravdess_validation
ravdess/AudioWAV/Actor_16/01-01-03-01-02-01-16.wav,happy,ravdess_validation
ravdess/AudioWAV/Actor_16/01-01-03-02-01-01-16.wav,happy,ravdess_validation
ravdess/AudioWAV/Actor_16/01-01-02-01-01-02-16.wav,neutral,ravdess_validation
ravdess/AudioWAV/Actor_16/01-01-01-01-01-01-16.wav,neutral,ravdess_validation
ravdess/AudioWAV/Actor_16/01-01-02-02-02-02-16.wav,neutral,ravdess_validation
ravdess/AudioWAV/Actor_16/01-01-04-01-01-01-16.wav,sad,ravdess_validation
ravdess/AudioWAV/Actor_16/01-01-07-01-01-02-16.wav,disgust,ravdess_validation
ravdess/AudioWAV/Actor_16/01-01-07-02-02-02-16.wav,disgust,ravdess_validation
ravdess/AudioWAV/Actor_16/01-01-04-02-02-01-16.wav,sad,ravdess_validation
ravdess/AudioWAV/Actor_16/01-01-06-01-02-01-16.wav,fearful,ravdess_validation
ravdess/AudioWAV/Actor_16/01-01-05-01-02-02-16.wav,angry,ravdess_validation
ravdess/AudioWAV/Actor_16/01-01-05-02-01-02-16.wav,angry,ravdess_validation
ravdess/AudioWAV/Actor_16/01-01-06-02-01-01-16.wav,fearful,ravdess_validation
ravdess/AudioWAV/Actor_16/01-01-02-02-01-02-16.wav,neutral,ravdess_validation
ravdess/AudioWAV/Actor_16/01-01-02-01-02-02-16.wav,neutral,ravdess_validation
ravdess/AudioWAV/Actor_16/01-01-01-01-02-01-16.wav,neutral,ravdess_validation
ravdess/AudioWAV/Actor_16/01-01-03-02-02-01-16.wav,happy,ravdess_validation
ravdess/AudioWAV/Actor_16/01-01-03-01-01-01-16.wav,happy,ravdess_validation
ravdess/AudioWAV/Actor_16/01-01-02-02-02-01-16.wav,neutral,ravdess_validation
ravdess/AudioWAV/Actor_16/01-01-01-01-01-02-16.wav,neutral,ravdess_validation
ravdess/AudioWAV/Actor_16/01-01-02-01-01-01-16.wav,neutral,ravdess_validation
ravdess/AudioWAV/Actor_16/01-01-03-02-01-02-16.wav,happy,ravdess_validation
ravdess/AudioWAV/Actor_16/01-01-03-01-02-02-16.wav,happy,ravdess_validation
ravdess/AudioWAV/Actor_16/01-01-07-01-02-01-16.wav,disgust,ravdess_validation
ravdess/AudioWAV/Actor_16/01-01-04-01-02-02-16.wav,sad,ravdess_validation
ravdess/AudioWAV/Actor_16/01-01-04-02-01-02-16.wav,sad,ravdess_validation
ravdess/AudioWAV/Actor_16/01-01-07-02-01-01-16.wav,disgust,ravdess_validation
ravdess/AudioWAV/Actor_16/01-01-05-01-01-01-16.wav,angry,ravdess_validation
ravdess/AudioWAV/Actor_16/01-01-06-01-01-02-16.wav,fearful,ravdess_validation
ravdess/AudioWAV/Actor_16/01-01-06-02-02-02-16.wav,fearful,ravdess_validation
ravdess/AudioWAV/Actor_16/01-01-05-02-02-01-16.wav,angry,ravdess_validation
ravdess/AudioWAV/Actor_05/01-01-04-01-01-02-05.wav,sad,ravdess_validation
ravdess/AudioWAV/Actor_05/01-01-07-01-01-01-05.wav,disgust,ravdess_validation
ravdess/AudioWAV/Actor_05/01-01-07-02-02-01-05.wav,disgust,ravdess_validation
ravdess/AudioWAV/Actor_05/01-01-04-02-02-02-05.wav,sad,ravdess_validation
ravdess/AudioWAV/Actor_05/01-01-06-01-02-02-05.wav,fearful,ravdess_validation
ravdess/AudioWAV/Actor_05/01-01-05-01-02-01-05.wav,angry,ravdess_validation
ravdess/AudioWAV/Actor_05/01-01-05-02-01-01-05.wav,angry,ravdess_validation
ravdess/AudioWAV/Actor_05/01-01-06-02-01-02-05.wav,fearful,ravdess_validation
ravdess/AudioWAV/Actor_05/01-01-02-02-01-01-05.wav,neutral,ravdess_validation
ravdess/AudioWAV/Actor_05/01-01-02-01-02-01-05.wav,neutral,ravdess_validation
ravdess/AudioWAV/Actor_05/01-01-01-01-02-02-05.wav,neutral,ravdess_validation
ravdess/AudioWAV/Actor_05/01-01-03-02-02-02-05.wav,happy,ravdess_validation
ravdess/AudioWAV/Actor_05/01-01-03-01-01-02-05.wav,happy,ravdess_validation
ravdess/AudioWAV/Actor_05/01-01-02-02-02-02-05.wav,neutral,ravdess_validation
ravdess/AudioWAV/Actor_05/01-01-01-01-01-01-05.wav,neutral,ravdess_validation
ravdess/AudioWAV/Actor_05/01-01-02-01-01-02-05.wav,neutral,ravdess_validation
ravdess/AudioWAV/Actor_05/01-01-03-02-01-01-05.wav,happy,ravdess_validation
ravdess/AudioWAV/Actor_05/01-01-03-01-02-01-05.wav,happy,ravdess_validation
ravdess/AudioWAV/Actor_05/01-01-07-01-02-02-05.wav,disgust,ravdess_validation
ravdess/AudioWAV/Actor_05/01-01-04-01-02-01-05.wav,sad,ravdess_validation
ravdess/AudioWAV/Actor_05/01-01-04-02-01-01-05.wav,sad,ravdess_validation
ravdess/AudioWAV/Actor_05/01-01-07-02-01-02-05.wav,disgust,ravdess_validation
ravdess/AudioWAV/Actor_05/01-01-05-01-01-02-05.wav,angry,ravdess_validation
ravdess/AudioWAV/Actor_05/01-01-06-01-01-01-05.wav,fearful,ravdess_validation
ravdess/AudioWAV/Actor_05/01-01-06-02-02-01-05.wav,fearful,ravdess_validation
ravdess/AudioWAV/Actor_05/01-01-05-02-02-02-05.wav,angry,ravdess_validation
ravdess/AudioWAV/Actor_05/01-01-03-01-01-01-05.wav,happy,ravdess_validation
ravdess/AudioWAV/Actor_05/01-01-03-02-02-01-05.wav,happy,ravdess_validation
ravdess/AudioWAV/Actor_05/01-01-01-01-02-01-05.wav,neutral,ravdess_validation
ravdess/AudioWAV/Actor_05/01-01-02-01-02-02-05.wav,neutral,ravdess_validation
ravdess/AudioWAV/Actor_05/01-01-02-02-01-02-05.wav,neutral,ravdess_validation
ravdess/AudioWAV/Actor_05/01-01-06-02-01-01-05.wav,fearful,ravdess_validation
ravdess/AudioWAV/Actor_05/01-01-05-02-01-02-05.wav,angry,ravdess_validation
ravdess/AudioWAV/Actor_05/01-01-05-01-02-02-05.wav,angry,ravdess_validation
ravdess/AudioWAV/Actor_05/01-01-06-01-02-01-05.wav,fearful,ravdess_validation
ravdess/AudioWAV/Actor_05/01-01-04-02-02-01-05.wav,sad,ravdess_validation
ravdess/AudioWAV/Actor_05/01-01-07-02-02-02-05.wav,disgust,ravdess_validation
ravdess/AudioWAV/Actor_05/01-01-07-01-01-02-05.wav,disgust,ravdess_validation
ravdess/AudioWAV/Actor_05/01-01-04-01-01-01-05.wav,sad,ravdess_validation
ravdess/AudioWAV/Actor_05/01-01-05-02-02-01-05.wav,angry,ravdess_validation
ravdess/AudioWAV/Actor_05/01-01-06-02-02-02-05.wav,fearful,ravdess_validation
ravdess/AudioWAV/Actor_05/01-01-06-01-01-02-05.wav,fearful,ravdess_validation
ravdess/AudioWAV/Actor_05/01-01-05-01-01-01-05.wav,angry,ravdess_validation
ravdess/AudioWAV/Actor_05/01-01-07-02-01-01-05.wav,disgust,ravdess_validation
ravdess/AudioWAV/Actor_05/01-01-04-02-01-02-05.wav,sad,ravdess_validation
ravdess/AudioWAV/Actor_05/01-01-04-01-02-02-05.wav,sad,ravdess_validation
ravdess/AudioWAV/Actor_05/01-01-07-01-02-01-05.wav,disgust,ravdess_validation
ravdess/AudioWAV/Actor_05/01-01-03-01-02-02-05.wav,happy,ravdess_validation
ravdess/AudioWAV/Actor_05/01-01-03-02-01-02-05.wav,happy,ravdess_validation
ravdess/AudioWAV/Actor_05/01-01-02-01-01-01-05.wav,neutral,ravdess_validation
ravdess/AudioWAV/Actor_05/01-01-01-01-01-02-05.wav,neutral,ravdess_validation
ravdess/AudioWAV/Actor_05/01-01-02-02-02-01-05.wav,neutral,ravdess_validation
ravdess/AudioWAV/Actor_13/01-01-06-02-01-02-13.wav,fearful,ravdess_validation
ravdess/AudioWAV/Actor_13/01-01-05-02-01-01-13.wav,angry,ravdess_validation
ravdess/AudioWAV/Actor_13/01-01-05-01-02-01-13.wav,angry,ravdess_validation
ravdess/AudioWAV/Actor_13/01-01-06-01-02-02-13.wav,fearful,ravdess_validation
ravdess/AudioWAV/Actor_13/01-01-04-02-02-02-13.wav,sad,ravdess_validation
ravdess/AudioWAV/Actor_13/01-01-07-02-02-01-13.wav,disgust,ravdess_validation
ravdess/AudioWAV/Actor_13/01-01-07-01-01-01-13.wav,disgust,ravdess_validation
ravdess/AudioWAV/Actor_13/01-01-04-01-01-02-13.wav,sad,ravdess_validation
ravdess/AudioWAV/Actor_13/01-01-03-01-01-02-13.wav,happy,ravdess_validation
ravdess/AudioWAV/Actor_13/01-01-03-02-02-02-13.wav,happy,ravdess_validation
ravdess/AudioWAV/Actor_13/01-01-01-01-02-02-13.wav,neutral,ravdess_validation
ravdess/AudioWAV/Actor_13/01-01-02-01-02-01-13.wav,neutral,ravdess_validation
ravdess/AudioWAV/Actor_13/01-01-02-02-01-01-13.wav,neutral,ravdess_validation
ravdess/AudioWAV/Actor_13/01-01-03-01-02-01-13.wav,happy,ravdess_validation
ravdess/AudioWAV/Actor_13/01-01-03-02-01-01-13.wav,happy,ravdess_validation
ravdess/AudioWAV/Actor_13/01-01-02-01-01-02-13.wav,neutral,ravdess_validation
ravdess/AudioWAV/Actor_13/01-01-01-01-01-01-13.wav,neutral,ravdess_validation
ravdess/AudioWAV/Actor_13/01-01-02-02-02-02-13.wav,neutral,ravdess_validation
ravdess/AudioWAV/Actor_13/01-01-05-02-02-02-13.wav,angry,ravdess_validation
ravdess/AudioWAV/Actor_13/01-01-06-02-02-01-13.wav,fearful,ravdess_validation
ravdess/AudioWAV/Actor_13/01-01-06-01-01-01-13.wav,fearful,ravdess_validation
ravdess/AudioWAV/Actor_13/01-01-05-01-01-02-13.wav,angry,ravdess_validation
ravdess/AudioWAV/Actor_13/01-01-07-02-01-02-13.wav,disgust,ravdess_validation
ravdess/AudioWAV/Actor_13/01-01-04-02-01-01-13.wav,sad,ravdess_validation
ravdess/AudioWAV/Actor_13/01-01-04-01-02-01-13.wav,sad,ravdess_validation
ravdess/AudioWAV/Actor_13/01-01-07-01-02-02-13.wav,disgust,ravdess_validation
ravdess/AudioWAV/Actor_13/01-01-02-02-01-02-13.wav,neutral,ravdess_validation
ravdess/AudioWAV/Actor_13/01-01-02-01-02-02-13.wav,neutral,ravdess_validation
ravdess/AudioWAV/Actor_13/01-01-01-01-02-01-13.wav,neutral,ravdess_validation
ravdess/AudioWAV/Actor_13/01-01-03-02-02-01-13.wav,happy,ravdess_validation
ravdess/AudioWAV/Actor_13/01-01-03-01-01-01-13.wav,happy,ravdess_validation
ravdess/AudioWAV/Actor_13/01-01-04-01-01-01-13.wav,sad,ravdess_validation
ravdess/AudioWAV/Actor_13/01-01-07-01-01-02-13.wav,disgust,ravdess_validation
ravdess/AudioWAV/Actor_13/01-01-07-02-02-02-13.wav,disgust,ravdess_validation
ravdess/AudioWAV/Actor_13/01-01-04-02-02-01-13.wav,sad,ravdess_validation
ravdess/AudioWAV/Actor_13/01-01-06-01-02-01-13.wav,fearful,ravdess_validation
ravdess/AudioWAV/Actor_13/01-01-05-01-02-02-13.wav,angry,ravdess_validation
ravdess/AudioWAV/Actor_13/01-01-05-02-01-02-13.wav,angry,ravdess_validation
ravdess/AudioWAV/Actor_13/01-01-06-02-01-01-13.wav,fearful,ravdess_validation
ravdess/AudioWAV/Actor_13/01-01-07-01-02-01-13.wav,disgust,ravdess_validation
ravdess/AudioWAV/Actor_13/01-01-04-01-02-02-13.wav,sad,ravdess_validation
ravdess/AudioWAV/Actor_13/01-01-04-02-01-02-13.wav,sad,ravdess_validation
ravdess/AudioWAV/Actor_13/01-01-07-02-01-01-13.wav,disgust,ravdess_validation
ravdess/AudioWAV/Actor_13/01-01-05-01-01-01-13.wav,angry,ravdess_validation
ravdess/AudioWAV/Actor_13/01-01-06-01-01-02-13.wav,fearful,ravdess_validation
ravdess/AudioWAV/Actor_13/01-01-06-02-02-02-13.wav,fearful,ravdess_validation
ravdess/AudioWAV/Actor_13/01-01-05-02-02-01-13.wav,angry,ravdess_validation
ravdess/AudioWAV/Actor_13/01-01-02-02-02-01-13.wav,neutral,ravdess_validation
ravdess/AudioWAV/Actor_13/01-01-01-01-01-02-13.wav,neutral,ravdess_validation
ravdess/AudioWAV/Actor_13/01-01-02-01-01-01-13.wav,neutral,ravdess_validation
ravdess/AudioWAV/Actor_13/01-01-03-02-01-02-13.wav,happy,ravdess_validation
ravdess/AudioWAV/Actor_13/01-01-03-01-02-02-13.wav,happy,ravdess_validation
